attempt_id,debtor_id,collector_id,attempt_date,outcome
1,273,22,2023-07-12,Success
2,220,20,2023-10-15,Success
3,283,41,2023-07-14,Failure
4,193,23,2023-08-07,Partial Payment
5,72,25,2023-08-11,Partial Payment
6,321,25,2023-04-02,Failure
7,50,3,2023-03-16,No Response
8,290,21,2023-07-04,Success
9,409,23,2023-10-28,Failure
10,442,31,2023-11-09,No Response
11,289,47,2023-08-19,Success
12,306,9,2023-03-21,Success
13,76,36,2023-06-06,Partial Payment
14,358,23,2023-05-21,Partial Payment
15,54,43,2023-08-02,Partial Payment
16,101,44,2023-11-10,Success
17,434,48,2023-02-25,Failure
18,34,3,2023-09-19,No Response
19,124,38,2023-05-09,Success
20,4,38,2023-02-01,Success
21,405,23,2023-06-13,Partial Payment
22,296,21,2023-01-23,Partial Payment
23,357,28,2023-06-06,Failure
24,59,47,2023-08-12,Failure
25,5,8,2023-08-17,Partial Payment
26,138,2,2023-06-09,No Response
27,450,22,2023-07-24,No Response
28,371,15,2023-07-18,Partial Payment
29,115,24,2023-12-12,No Response
30,279,4,2023-11-11,Partial Payment
31,388,36,2023-10-09,Success
32,162,17,2023-10-17,Success
33,50,11,2023-12-09,Failure
34,156,37,2023-10-06,Failure
35,439,12,2023-06-15,Success
36,376,22,2023-08-24,No Response
37,136,47,2023-08-08,Failure
38,390,24,2023-09-10,No Response
39,41,38,2023-03-26,Success
40,473,42,2023-03-26,Failure
41,205,17,2023-03-27,Partial Payment
42,60,16,2023-07-09,No Response
43,33,9,2023-06-16,Failure
44,154,6,2023-10-28,Success
45,306,20,2023-03-20,Success
46,259,28,2023-03-24,Failure
47,130,30,2023-04-06,No Response
48,27,3,2023-07-27,Success
49,483,33,2023-09-03,Success
50,54,7,2023-05-02,Failure
51,15,10,2023-11-05,No Response
52,219,29,2023-04-05,Partial Payment
53,357,50,2023-04-08,Success
54,164,8,2023-07-06,Failure
55,170,27,2023-09-22,Partial Payment
56,288,46,2023-02-28,Success
57,82,26,2023-10-09,No Response
58,26,42,2023-12-01,Failure
59,274,17,2023-04-21,Failure
60,129,3,2023-02-23,Failure
61,38,42,2023-12-26,No Response
62,99,16,2023-07-23,Failure
63,93,20,2023-05-17,No Response
64,57,47,2023-03-14,No Response
65,199,41,2023-04-15,Partial Payment
66,33,16,2023-09-09,Failure
67,363,16,2023-05-10,Failure
68,345,46,2023-08-16,Partial Payment
69,56,21,2023-04-28,No Response
70,140,32,2023-01-21,Success
71,19,48,2023-02-17,Partial Payment
72,370,17,2023-11-13,Success
73,317,47,2023-09-08,Failure
74,122,50,2023-06-18,No Response
75,372,26,2023-11-20,No Response
76,238,17,2023-04-08,Failure
77,384,48,2023-08-08,No Response
78,328,32,2023-05-23,No Response
79,16,16,2023-11-13,Partial Payment
80,481,29,2023-08-17,Failure
81,294,46,2023-10-10,Partial Payment
82,232,15,2023-08-04,No Response
83,132,15,2023-12-03,Partial Payment
84,342,50,2023-01-12,No Response
85,158,13,2023-04-13,Failure
86,194,46,2023-09-24,No Response
87,136,19,2023-10-28,Success
88,302,24,2023-09-03,No Response
89,62,15,2023-07-04,No Response
90,333,19,2023-04-03,Failure
91,416,16,2023-03-25,Partial Payment
92,322,6,2023-07-05,No Response
93,137,44,2023-07-20,Failure
94,415,8,2023-05-04,Failure
95,201,44,2023-05-08,Success
96,203,15,2023-07-15,Partial Payment
97,108,4,2023-11-26,Partial Payment
98,494,20,2023-10-07,Failure
99,236,22,2023-08-28,Partial Payment
100,70,38,2023-04-05,Failure
101,101,28,2023-05-28,Failure
102,383,33,2023-03-15,Success
103,178,7,2023-03-14,Success
104,333,22,2023-07-22,Partial Payment
105,396,35,2023-06-17,Success
106,81,6,2023-02-10,No Response
107,437,9,2023-01-21,No Response
108,459,24,2023-05-07,No Response
109,39,10,2023-12-22,Success
110,105,22,2023-08-03,Failure
111,417,3,2023-04-09,No Response
112,108,5,2023-06-20,Success
113,127,34,2023-09-28,Failure
114,210,38,2023-06-16,Partial Payment
115,38,47,2023-06-19,Failure
116,19,4,2023-03-19,No Response
117,41,50,2023-08-27,No Response
118,248,27,2023-12-04,Failure
119,489,35,2023-11-14,No Response
120,125,49,2023-01-26,Failure
121,436,35,2023-03-04,Failure
122,9,4,2023-10-08,Failure
123,135,49,2023-11-27,No Response
124,109,1,2023-08-04,Success
125,381,34,2023-09-06,No Response
126,310,46,2023-11-28,No Response
127,53,30,2023-06-05,Failure
128,407,20,2023-09-28,Partial Payment
129,134,39,2023-12-03,Failure
130,282,31,2023-03-09,Partial Payment
131,491,40,2023-05-07,Partial Payment
132,51,33,2023-03-19,Failure
133,67,17,2023-11-10,Partial Payment
134,447,50,2023-01-25,Success
135,285,38,2023-03-07,Success
136,258,3,2023-03-21,Partial Payment
137,487,5,2023-08-21,Failure
138,336,21,2023-10-08,Failure
139,466,15,2023-05-09,Failure
140,74,37,2023-05-25,No Response
141,378,32,2023-09-05,No Response
142,408,31,2023-01-01,Partial Payment
143,219,13,2023-08-04,Partial Payment
144,58,22,2023-09-05,Partial Payment
145,152,20,2023-11-07,Success
146,199,10,2023-08-08,Success
147,263,14,2023-03-14,No Response
148,145,24,2023-01-14,Success
149,425,31,2023-03-25,Partial Payment
150,277,10,2023-02-10,Failure
151,3,7,2023-03-22,Failure
152,449,33,2023-06-08,Partial Payment
153,271,35,2023-07-07,Failure
154,378,15,2023-06-19,Success
155,494,22,2023-10-05,No Response
156,142,42,2023-02-27,Failure
157,480,11,2023-02-17,Failure
158,112,28,2023-07-09,Failure
159,455,2,2023-08-24,Partial Payment
160,181,18,2023-07-20,No Response
161,264,43,2023-05-03,Partial Payment
162,320,38,2023-06-26,Failure
163,270,50,2023-04-07,Partial Payment
164,318,28,2023-02-25,Partial Payment
165,371,26,2023-03-07,No Response
166,234,10,2023-08-02,Partial Payment
167,17,48,2023-02-17,No Response
168,265,1,2023-05-14,No Response
169,167,22,2023-12-02,No Response
170,439,42,2023-07-21,Success
171,386,20,2023-06-21,Failure
172,67,17,2023-12-21,Partial Payment
173,40,7,2023-12-13,No Response
174,44,49,2023-05-11,Success
175,95,37,2023-07-05,Failure
176,205,34,2023-06-09,Success
177,78,30,2023-04-22,No Response
178,498,4,2023-11-21,Partial Payment
179,443,12,2023-01-20,Failure
180,120,30,2023-06-08,Failure
181,64,20,2023-05-17,Partial Payment
182,159,21,2023-08-10,Partial Payment
183,61,33,2023-12-17,Partial Payment
184,352,17,2023-05-20,Partial Payment
185,470,14,2023-04-28,Success
186,35,35,2023-05-10,Partial Payment
187,6,35,2023-03-23,Partial Payment
188,480,21,2023-06-02,Partial Payment
189,94,44,2023-01-17,No Response
190,153,22,2023-10-09,Partial Payment
191,69,23,2023-10-08,Partial Payment
192,361,33,2023-12-14,Failure
193,15,30,2023-10-01,No Response
194,174,22,2023-08-08,Failure
195,322,29,2023-08-18,Success
196,386,39,2023-05-21,No Response
197,140,50,2023-07-25,No Response
198,149,40,2023-08-25,Partial Payment
199,307,48,2023-11-22,No Response
200,154,20,2023-06-02,Success
201,396,40,2023-07-24,Failure
202,480,7,2023-02-11,No Response
203,52,42,2023-06-03,Partial Payment
204,177,2,2023-10-15,Failure
205,461,38,2023-11-15,Partial Payment
206,246,45,2023-10-23,Success
207,80,20,2023-09-18,Success
208,430,38,2023-12-12,Partial Payment
209,339,37,2023-10-05,No Response
210,275,10,2023-06-21,Partial Payment
211,209,37,2023-08-22,Partial Payment
212,474,24,2023-02-15,No Response
213,40,13,2023-01-25,Partial Payment
214,462,42,2023-05-15,Success
215,361,43,2023-03-28,Failure
216,388,40,2023-07-02,No Response
217,293,8,2023-08-09,Failure
218,79,2,2023-09-03,Success
219,192,41,2023-03-24,Failure
220,181,29,2023-07-05,No Response
221,225,1,2023-04-05,Success
222,371,29,2023-03-16,No Response
223,363,33,2023-10-02,Success
224,106,47,2023-03-08,Success
225,298,8,2023-04-15,No Response
226,334,5,2023-11-11,Partial Payment
227,95,40,2023-04-15,No Response
228,377,38,2023-08-25,No Response
229,337,21,2023-12-28,Failure
230,173,24,2023-12-15,Partial Payment
231,149,26,2023-04-17,Failure
232,389,44,2023-07-27,No Response
233,477,48,2023-12-03,Failure
234,326,1,2023-06-12,Success
235,441,29,2023-05-27,Partial Payment
236,352,18,2023-03-24,Success
237,306,26,2023-09-21,Failure
238,107,44,2023-06-10,Success
239,430,20,2023-04-12,Failure
240,128,42,2023-05-07,No Response
241,345,4,2023-10-17,Success
242,412,27,2023-07-21,Failure
243,372,15,2023-05-14,Success
244,214,2,2023-03-22,Partial Payment
245,22,36,2023-06-03,Success
246,248,10,2023-05-12,Partial Payment
247,459,9,2023-02-18,Success
248,137,50,2023-07-20,Failure
249,111,16,2023-05-11,Success
250,371,33,2023-11-20,Failure
251,123,11,2023-04-27,Success
252,13,37,2023-07-22,Failure
253,432,49,2023-12-16,Success
254,68,46,2023-12-01,No Response
255,231,11,2023-12-01,No Response
256,337,17,2023-01-28,Partial Payment
257,98,49,2023-03-09,Failure
258,498,5,2023-06-26,Failure
259,326,25,2023-06-11,Partial Payment
260,257,50,2023-06-16,Failure
261,332,35,2023-08-26,No Response
262,187,4,2023-07-09,Success
263,197,50,2023-04-13,No Response
264,179,23,2023-02-18,Partial Payment
265,432,20,2023-01-13,No Response
266,376,15,2023-10-28,Success
267,432,38,2023-11-19,Partial Payment
268,210,46,2023-08-17,Success
269,105,7,2023-12-11,No Response
270,369,34,2023-04-24,Partial Payment
271,387,23,2023-05-17,Failure
272,120,13,2023-12-13,Success
273,493,27,2023-07-03,No Response
274,162,22,2023-10-24,Success
275,416,28,2023-01-16,No Response
276,281,10,2023-07-27,No Response
277,192,15,2023-02-27,Failure
278,83,22,2023-09-16,Success
279,163,6,2023-11-06,Failure
280,50,3,2023-12-20,Success
281,321,18,2023-02-01,Partial Payment
282,319,9,2023-08-01,Success
283,71,17,2023-04-27,Success
284,434,8,2023-08-12,Failure
285,25,10,2023-09-08,Success
286,60,18,2023-09-22,Success
287,124,41,2023-08-04,Success
288,220,20,2023-08-06,Partial Payment
289,183,8,2023-07-09,Partial Payment
290,136,22,2023-03-02,Success
291,89,30,2023-09-17,Success
292,181,40,2023-07-28,No Response
293,475,35,2023-02-13,Success
294,11,26,2023-08-06,No Response
295,335,37,2023-01-26,Failure
296,272,21,2023-10-06,No Response
297,5,12,2023-12-12,Failure
298,497,37,2023-06-09,Success
299,139,38,2023-09-13,Failure
300,449,22,2023-03-06,Partial Payment
301,87,11,2023-04-01,No Response
302,106,24,2023-11-23,No Response
303,497,15,2023-07-14,Partial Payment
304,486,50,2023-10-10,No Response
305,494,4,2023-08-13,No Response
306,242,44,2023-07-09,Partial Payment
307,82,23,2023-11-25,Success
308,482,7,2023-01-02,Success
309,446,15,2023-10-16,Failure
310,108,3,2023-09-26,Failure
311,230,32,2023-01-19,No Response
312,278,35,2023-02-19,Failure
313,478,14,2023-03-22,No Response
314,178,29,2023-05-17,Success
315,246,4,2023-01-13,Partial Payment
316,150,40,2023-08-24,No Response
317,461,49,2023-07-03,Failure
318,344,13,2023-10-07,Failure
319,205,45,2023-11-18,Success
320,248,32,2023-06-02,No Response
321,442,26,2023-04-24,No Response
322,373,20,2023-03-04,Partial Payment
323,77,23,2023-01-23,Partial Payment
324,76,22,2023-05-05,Success
325,394,38,2023-03-01,No Response
326,17,49,2023-12-11,Partial Payment
327,83,5,2023-08-18,Partial Payment
328,29,20,2023-01-08,No Response
329,489,15,2023-12-09,Partial Payment
330,85,5,2023-01-09,Partial Payment
331,84,32,2023-12-09,No Response
332,49,2,2023-07-17,Failure
333,399,11,2023-11-05,Failure
334,5,41,2023-07-11,Success
335,285,29,2023-08-09,Partial Payment
336,301,45,2023-05-20,Partial Payment
337,474,10,2023-03-11,Failure
338,406,1,2023-01-09,No Response
339,56,26,2023-02-02,No Response
340,280,3,2023-08-12,Failure
341,116,26,2023-11-17,Partial Payment
342,372,42,2023-05-27,No Response
343,487,21,2023-02-07,Success
344,151,14,2023-10-05,Failure
345,254,30,2023-10-09,Success
346,203,15,2023-03-18,Success
347,97,8,2023-04-21,Success
348,75,41,2023-06-20,No Response
349,167,32,2023-11-15,No Response
350,95,47,2023-10-20,Failure
351,180,29,2023-10-11,Failure
352,1,27,2023-05-19,Success
353,80,20,2023-12-08,No Response
354,308,46,2023-03-20,Success
355,48,22,2023-09-22,Partial Payment
356,486,31,2023-06-02,Failure
357,167,28,2023-08-09,Partial Payment
358,213,7,2023-01-10,Failure
359,356,6,2023-04-01,Success
360,398,33,2023-09-22,Failure
361,185,9,2023-10-26,Success
362,73,18,2023-04-19,No Response
363,348,38,2023-03-24,Partial Payment
364,144,7,2023-09-11,Success
365,172,49,2023-02-24,Failure
366,206,32,2023-05-04,Success
367,170,23,2023-08-08,Failure
368,405,30,2023-02-14,No Response
369,409,10,2023-07-03,No Response
370,25,24,2023-06-02,No Response
371,496,37,2023-12-14,Failure
372,253,48,2023-07-05,No Response
373,206,16,2023-05-15,Partial Payment
374,100,25,2023-04-02,Success
375,336,4,2023-03-07,No Response
376,425,13,2023-07-18,Success
377,179,35,2023-12-08,Failure
378,310,42,2023-08-10,Success
379,495,28,2023-05-05,Success
380,211,50,2023-10-28,Partial Payment
381,205,44,2023-06-25,No Response
382,277,50,2023-05-13,No Response
383,440,8,2023-11-18,Failure
384,137,40,2023-11-19,Partial Payment
385,34,36,2023-11-06,Failure
386,291,36,2023-04-11,Failure
387,171,34,2023-12-23,No Response
388,35,41,2023-06-10,No Response
389,141,44,2023-09-16,Success
390,371,11,2023-11-19,Success
391,249,43,2023-07-10,Failure
392,133,1,2023-02-16,Partial Payment
393,441,14,2023-05-11,Failure
394,33,16,2023-11-26,Success
395,440,29,2023-09-15,Partial Payment
396,55,4,2023-02-14,Success
397,189,27,2023-04-12,Failure
398,353,4,2023-07-13,No Response
399,442,32,2023-03-21,Success
400,398,41,2023-03-27,Partial Payment
401,28,15,2023-06-22,Failure
402,113,19,2023-07-10,Success
403,403,42,2023-08-21,Failure
404,106,37,2023-08-21,No Response
405,215,4,2023-07-06,No Response
406,411,41,2023-03-11,Partial Payment
407,274,4,2023-03-04,No Response
408,248,40,2023-07-11,Failure
409,400,46,2023-11-07,Failure
410,215,49,2023-05-24,Success
411,22,27,2023-06-21,No Response
412,139,50,2023-05-10,No Response
413,91,39,2023-02-17,Partial Payment
414,364,22,2023-03-02,No Response
415,318,35,2023-06-19,Failure
416,214,21,2023-12-28,Partial Payment
417,111,5,2023-10-14,Partial Payment
418,145,23,2023-08-16,Failure
419,237,1,2023-06-14,Success
420,309,42,2023-05-16,Success
421,317,9,2023-05-02,Partial Payment
422,470,29,2023-12-04,Partial Payment
423,28,16,2023-08-17,No Response
424,6,38,2023-03-03,Failure
425,415,39,2023-07-15,Success
426,268,45,2023-10-04,Partial Payment
427,20,40,2023-11-24,Failure
428,438,14,2023-02-12,Failure
429,482,37,2023-02-24,Success
430,67,29,2023-07-10,Success
431,282,24,2023-04-17,Partial Payment
432,85,29,2023-09-26,Success
433,303,35,2023-11-15,Success
434,42,28,2023-02-01,Failure
435,235,2,2023-01-02,No Response
436,282,31,2023-10-22,Failure
437,383,13,2023-06-06,Partial Payment
438,138,50,2023-05-16,No Response
439,432,15,2023-02-27,No Response
440,16,29,2023-01-22,No Response
441,188,38,2023-09-26,Failure
442,279,41,2023-11-06,No Response
443,266,8,2023-09-01,No Response
444,152,29,2023-10-25,Partial Payment
445,25,7,2023-05-03,Failure
446,362,43,2023-06-11,Partial Payment
447,272,43,2023-11-15,Partial Payment
448,220,29,2023-05-04,No Response
449,97,30,2023-05-01,Success
450,105,40,2023-10-23,Partial Payment
451,434,16,2023-04-13,No Response
452,217,34,2023-11-27,Failure
453,102,19,2023-06-18,Failure
454,438,26,2023-03-08,No Response
455,2,19,2023-06-17,Success
456,279,34,2023-06-26,No Response
457,7,11,2023-01-15,Failure
458,233,31,2023-11-01,Failure
459,358,4,2023-06-03,Success
460,345,14,2023-02-08,No Response
461,451,39,2023-01-20,No Response
462,19,36,2023-12-27,Failure
463,67,9,2023-11-02,No Response
464,208,30,2023-04-23,No Response
465,354,23,2023-07-21,No Response
466,370,25,2023-11-28,Failure
467,259,4,2023-06-16,No Response
468,233,32,2023-06-09,Success
469,90,16,2023-12-13,No Response
470,423,24,2023-07-10,Failure
471,372,13,2023-09-21,No Response
472,397,29,2023-10-25,Partial Payment
473,225,19,2023-11-08,Partial Payment
474,174,24,2023-03-02,Failure
475,253,18,2023-09-04,Partial Payment
476,308,38,2023-07-09,No Response
477,102,27,2023-03-11,Success
478,363,14,2023-08-17,Partial Payment
479,25,31,2023-01-20,Failure
480,426,40,2023-05-03,Success
481,249,27,2023-02-28,Partial Payment
482,148,19,2023-08-13,No Response
483,244,48,2023-07-13,Success
484,133,16,2023-01-21,Partial Payment
485,67,46,2023-04-11,Partial Payment
486,466,44,2023-10-10,No Response
487,77,35,2023-03-05,Partial Payment
488,456,30,2023-01-24,No Response
489,197,22,2023-01-26,No Response
490,324,31,2023-02-21,No Response
491,429,40,2023-11-13,No Response
492,442,32,2023-02-02,Failure
493,365,25,2023-01-14,Failure
494,50,47,2023-10-01,Partial Payment
495,486,3,2023-12-22,Success
496,362,6,2023-12-12,No Response
497,90,48,2023-09-28,Failure
498,140,14,2023-08-13,Success
499,349,19,2023-01-04,Partial Payment
500,205,39,2023-11-26,Failure
501,304,35,2023-05-11,Failure
502,96,7,2023-03-11,Partial Payment
503,172,14,2023-07-26,Failure
504,128,30,2023-04-15,No Response
505,464,35,2023-11-20,No Response
506,426,26,2023-01-23,Success
507,185,4,2023-08-14,No Response
508,227,2,2023-12-12,No Response
509,90,26,2023-12-12,Success
510,36,42,2023-01-07,Failure
511,136,8,2023-04-14,Success
512,114,11,2023-09-01,Success
513,164,8,2023-02-09,No Response
514,391,29,2023-05-19,No Response
515,360,20,2023-07-23,Partial Payment
516,424,12,2023-12-15,Failure
517,125,9,2023-01-10,Success
518,54,36,2023-09-28,No Response
519,103,2,2023-12-07,Success
520,261,43,2023-09-17,Failure
521,312,44,2023-09-06,Success
522,1,4,2023-06-08,Failure
523,95,45,2023-05-20,Partial Payment
524,6,47,2023-05-09,Failure
525,225,23,2023-08-06,Success
526,148,21,2023-10-24,Success
527,481,10,2023-07-01,Failure
528,49,37,2023-08-08,Success
529,193,22,2023-09-18,Success
530,12,9,2023-12-14,Success
531,452,19,2023-04-03,Success
532,415,49,2023-06-12,Failure
533,249,31,2023-05-26,No Response
534,265,48,2023-05-12,Success
535,417,38,2023-04-12,Partial Payment
536,392,15,2023-10-19,Success
537,18,4,2023-01-19,Success
538,223,28,2023-11-03,Success
539,233,14,2023-09-14,Success
540,413,14,2023-10-18,Failure
541,266,39,2023-12-03,No Response
542,436,6,2023-10-21,No Response
543,89,48,2023-04-10,Success
544,326,46,2023-08-28,No Response
545,332,7,2023-10-06,Partial Payment
546,2,49,2023-01-26,No Response
547,394,31,2023-09-16,Partial Payment
548,112,23,2023-02-19,Partial Payment
549,87,24,2023-09-03,Failure
550,26,13,2023-07-26,Success
551,407,30,2023-02-06,No Response
552,235,26,2023-03-15,Failure
553,332,7,2023-06-01,Success
554,69,50,2023-12-17,Partial Payment
555,202,24,2023-08-27,Success
556,91,24,2023-05-17,No Response
557,345,8,2023-01-21,Partial Payment
558,344,20,2023-09-18,Partial Payment
559,51,18,2023-03-10,Failure
560,283,50,2023-10-03,Partial Payment
561,463,50,2023-10-19,Success
562,176,9,2023-01-01,Success
563,127,24,2023-07-11,Partial Payment
564,90,47,2023-09-27,Success
565,65,43,2023-09-16,Failure
566,463,21,2023-08-17,No Response
567,5,23,2023-02-17,Partial Payment
568,153,42,2023-02-11,Partial Payment
569,137,14,2023-10-08,Failure
570,445,1,2023-06-14,Failure
571,253,30,2023-03-23,Failure
572,70,17,2023-05-23,Partial Payment
573,355,13,2023-09-08,No Response
574,268,14,2023-11-22,Success
575,105,27,2023-01-15,No Response
576,400,7,2023-06-23,Failure
577,208,8,2023-02-07,No Response
578,94,41,2023-02-25,No Response
579,106,34,2023-08-20,Failure
580,355,15,2023-02-10,Failure
581,46,21,2023-02-03,No Response
582,431,18,2023-07-17,Failure
583,10,40,2023-06-27,No Response
584,45,21,2023-04-13,Failure
585,181,37,2023-03-21,Partial Payment
586,190,41,2023-12-25,Success
587,265,27,2023-10-17,Success
588,414,19,2023-09-28,Failure
589,105,10,2023-08-24,Failure
590,430,10,2023-07-02,Failure
591,235,17,2023-03-05,Failure
592,24,8,2023-06-05,Partial Payment
593,119,1,2023-02-11,Partial Payment
594,9,29,2023-04-28,No Response
595,457,30,2023-12-09,Failure
596,190,37,2023-04-26,Failure
597,206,22,2023-09-28,No Response
598,178,8,2023-02-15,Failure
599,297,39,2023-02-08,Success
600,75,15,2023-04-09,Failure
601,60,39,2023-12-07,Partial Payment
602,141,23,2023-02-09,Success
603,128,11,2023-05-20,Success
604,339,39,2023-06-13,Failure
605,479,33,2023-12-22,Partial Payment
606,319,1,2023-04-14,No Response
607,311,35,2023-10-26,Success
608,143,41,2023-04-26,No Response
609,173,41,2023-07-07,Success
610,75,5,2023-05-10,Failure
611,417,16,2023-12-20,Partial Payment
612,263,11,2023-01-21,Success
613,308,14,2023-07-27,Success
614,9,32,2023-09-06,Success
615,103,43,2023-12-13,Failure
616,173,46,2023-04-13,Partial Payment
617,158,4,2023-11-08,Partial Payment
618,274,14,2023-03-13,Failure
619,67,27,2023-04-26,No Response
620,123,42,2023-07-13,Failure
621,487,12,2023-07-26,Success
622,420,2,2023-03-27,No Response
623,199,11,2023-09-28,Partial Payment
624,498,15,2023-02-24,No Response
625,74,48,2023-04-20,Failure
626,69,48,2023-06-17,No Response
627,262,47,2023-08-06,Failure
628,250,30,2023-05-22,Failure
629,189,4,2023-03-19,Success
630,357,17,2023-07-15,Success
631,378,5,2023-10-12,Partial Payment
632,64,32,2023-05-02,Failure
633,259,4,2023-03-15,Success
634,98,6,2023-06-05,No Response
635,218,3,2023-12-09,No Response
636,382,7,2023-12-16,Failure
637,283,18,2023-09-03,Partial Payment
638,322,26,2023-04-14,No Response
639,263,21,2023-10-02,Partial Payment
640,230,11,2023-03-19,Success
641,364,13,2023-08-12,Success
642,394,40,2023-10-16,Failure
643,429,45,2023-02-13,Failure
644,169,42,2023-01-10,Partial Payment
645,370,15,2023-09-26,No Response
646,135,13,2023-12-07,Success
647,250,8,2023-11-17,No Response
648,254,44,2023-09-07,No Response
649,387,23,2023-05-04,Failure
650,174,11,2023-02-23,No Response
651,242,18,2023-07-20,No Response
652,435,13,2023-11-09,Partial Payment
653,371,29,2023-03-24,No Response
654,240,23,2023-01-04,No Response
655,237,6,2023-02-21,No Response
656,343,25,2023-11-21,Partial Payment
657,33,11,2023-02-25,Success
658,239,50,2023-12-17,Success
659,382,44,2023-11-12,Partial Payment
660,170,19,2023-01-09,Partial Payment
661,156,32,2023-09-06,Partial Payment
662,494,5,2023-03-04,Partial Payment
663,72,8,2023-11-24,No Response
664,398,12,2023-11-26,Success
665,333,41,2023-11-15,No Response
666,446,31,2023-06-10,No Response
667,227,17,2023-11-01,Failure
668,424,21,2023-05-13,Partial Payment
669,395,44,2023-12-17,Failure
670,476,29,2023-10-17,Success
671,336,38,2023-02-07,Partial Payment
672,92,34,2023-02-05,Success
673,34,20,2023-05-06,Partial Payment
674,187,18,2023-04-21,Partial Payment
675,296,10,2023-12-19,Partial Payment
676,178,46,2023-07-09,Partial Payment
677,91,15,2023-03-21,Success
678,374,4,2023-11-26,Failure
679,349,41,2023-07-12,Success
680,186,35,2023-10-24,No Response
681,414,21,2023-01-09,Success
682,434,10,2023-11-27,Partial Payment
683,257,49,2023-07-13,No Response
684,262,15,2023-11-11,Failure
685,103,2,2023-02-13,Failure
686,49,17,2023-03-13,No Response
687,376,3,2023-01-04,Failure
688,172,42,2023-01-23,No Response
689,99,10,2023-11-04,No Response
690,484,23,2023-12-22,Success
691,68,18,2023-10-26,No Response
692,382,16,2023-11-16,Failure
693,60,6,2023-12-01,Success
694,130,18,2023-04-05,No Response
695,450,18,2023-08-19,Partial Payment
696,205,23,2023-06-13,No Response
697,145,21,2023-03-17,Success
698,146,24,2023-11-26,No Response
699,420,2,2023-09-25,Failure
700,84,10,2023-02-10,Failure
701,360,12,2023-09-13,No Response
702,214,42,2023-02-04,No Response
703,422,43,2023-12-16,Partial Payment
704,408,26,2023-07-19,Failure
705,20,9,2023-05-04,Success
706,169,43,2023-03-13,No Response
707,242,32,2023-06-04,No Response
708,23,29,2023-12-14,Success
709,319,35,2023-01-13,Success
710,423,45,2023-12-28,Partial Payment
711,27,35,2023-02-01,Failure
712,211,49,2023-03-07,Success
713,26,13,2023-05-10,Partial Payment
714,424,23,2023-05-21,Failure
715,2,49,2023-10-19,No Response
716,296,37,2023-03-08,Success
717,180,21,2023-10-28,Partial Payment
718,321,4,2023-12-24,Failure
719,107,21,2023-06-26,Failure
720,30,3,2023-10-14,No Response
721,123,31,2023-02-27,Success
722,451,42,2023-01-23,Failure
723,451,23,2023-09-11,Failure
724,34,9,2023-02-07,Partial Payment
725,1,49,2023-12-28,Partial Payment
726,264,29,2023-06-04,Failure
727,415,8,2023-10-04,Success
728,279,2,2023-03-17,Failure
729,438,39,2023-02-09,Success
730,324,27,2023-11-27,No Response
731,344,34,2023-03-07,Partial Payment
732,449,35,2023-08-16,No Response
733,117,40,2023-07-10,Partial Payment
734,75,49,2023-11-10,Partial Payment
735,253,49,2023-03-25,Failure
736,323,50,2023-02-10,No Response
737,167,35,2023-08-27,Success
738,8,45,2023-09-11,Partial Payment
739,336,3,2023-08-19,Partial Payment
740,325,17,2023-11-20,Partial Payment
741,175,36,2023-08-26,Failure
742,237,43,2023-09-01,Success
743,283,8,2023-07-24,No Response
744,201,14,2023-06-06,Failure
745,372,30,2023-07-06,No Response
746,366,6,2023-08-13,No Response
747,488,8,2023-07-27,No Response
748,77,32,2023-12-21,No Response
749,95,38,2023-11-04,Partial Payment
750,444,21,2023-05-05,Partial Payment
751,123,27,2023-05-01,Partial Payment
752,28,35,2023-02-20,Failure
753,345,43,2023-09-23,Success
754,384,45,2023-02-03,Success
755,283,17,2023-11-17,No Response
756,303,31,2023-09-01,Success
757,189,9,2023-11-20,Success
758,123,45,2023-12-21,Partial Payment
759,485,34,2023-03-09,Success
760,60,6,2023-01-27,Success
761,474,49,2023-11-08,Success
762,425,10,2023-12-21,Failure
763,482,12,2023-03-04,Partial Payment
764,38,39,2023-09-22,Failure
765,11,8,2023-12-18,Success
766,259,46,2023-04-15,Failure
767,28,41,2023-12-20,Partial Payment
768,296,36,2023-10-02,No Response
769,481,14,2023-11-23,No Response
770,388,16,2023-05-25,No Response
771,21,16,2023-10-06,No Response
772,159,47,2023-02-18,No Response
773,40,19,2023-04-25,No Response
774,289,38,2023-09-14,Failure
775,71,18,2023-12-14,Failure
776,110,16,2023-12-02,No Response
777,344,34,2023-11-18,Failure
778,355,44,2023-09-14,Success
779,295,8,2023-03-14,Partial Payment
780,359,37,2023-10-05,Failure
781,465,44,2023-07-08,Failure
782,121,6,2023-02-09,Partial Payment
783,262,43,2023-11-21,Success
784,89,4,2023-10-05,Success
785,275,32,2023-03-02,Partial Payment
786,272,41,2023-06-23,Success
787,426,10,2023-11-20,Failure
788,122,20,2023-12-26,Success
789,37,35,2023-04-21,Failure
790,198,18,2023-04-08,No Response
791,340,33,2023-11-10,Partial Payment
792,457,37,2023-08-26,Partial Payment
793,97,47,2023-09-12,Success
794,330,41,2023-02-10,No Response
795,34,5,2023-07-14,Success
796,418,36,2023-09-16,Partial Payment
797,56,2,2023-10-15,Failure
798,87,3,2023-12-11,Success
799,168,39,2023-02-14,Failure
800,43,49,2023-10-17,No Response
801,142,18,2023-01-25,No Response
802,358,13,2023-07-25,No Response
803,421,44,2023-10-07,No Response
804,120,18,2023-02-25,Failure
805,76,8,2023-10-11,Failure
806,307,42,2023-05-28,Failure
807,115,15,2023-06-01,Success
808,393,34,2023-04-24,Partial Payment
809,270,48,2023-01-17,Failure
810,161,34,2023-06-14,Partial Payment
811,459,27,2023-12-09,No Response
812,443,41,2023-11-15,No Response
813,55,25,2023-03-20,No Response
814,417,6,2023-10-28,No Response
815,374,46,2023-03-06,Success
816,166,49,2023-09-27,Partial Payment
817,270,19,2023-06-08,Failure
818,259,19,2023-10-21,No Response
819,463,2,2023-01-15,Success
820,380,32,2023-12-07,No Response
821,253,43,2023-08-18,Partial Payment
822,487,1,2023-10-06,Success
823,322,2,2023-08-06,No Response
824,306,15,2023-07-06,Success
825,186,30,2023-03-12,Failure
826,125,38,2023-11-21,No Response
827,281,25,2023-08-08,No Response
828,492,46,2023-12-15,Failure
829,374,50,2023-03-28,Success
830,43,1,2023-03-14,Success
831,267,14,2023-07-16,Success
832,18,2,2023-05-02,Partial Payment
833,433,37,2023-09-20,Partial Payment
834,276,28,2023-06-21,Success
835,234,15,2023-09-01,Partial Payment
836,375,8,2023-09-21,Success
837,43,19,2023-01-03,Failure
838,49,32,2023-03-15,No Response
839,366,5,2023-01-04,No Response
840,251,16,2023-12-05,Failure
841,247,31,2023-04-13,No Response
842,469,38,2023-04-06,Success
843,42,42,2023-11-16,Failure
844,417,9,2023-02-03,Success
845,42,2,2023-08-21,Partial Payment
846,295,39,2023-09-19,Success
847,194,24,2023-01-02,No Response
848,252,43,2023-04-17,Partial Payment
849,128,33,2023-07-15,Partial Payment
850,236,48,2023-11-27,Success
851,230,21,2023-11-23,Partial Payment
852,463,17,2023-11-28,Partial Payment
853,360,29,2023-06-06,Partial Payment
854,20,24,2023-03-15,Success
855,97,6,2023-03-13,Partial Payment
856,75,14,2023-11-17,Partial Payment
857,8,17,2023-08-14,No Response
858,435,47,2023-09-22,No Response
859,207,20,2023-07-21,Partial Payment
860,261,48,2023-08-12,Partial Payment
861,206,18,2023-06-21,Failure
862,39,10,2023-11-23,Partial Payment
863,291,2,2023-03-23,Failure
864,427,30,2023-08-19,Failure
865,54,12,2023-03-24,Partial Payment
866,92,21,2023-11-11,Partial Payment
867,106,49,2023-05-12,Success
868,473,5,2023-08-13,Success
869,223,36,2023-05-10,Partial Payment
870,63,25,2023-07-21,No Response
871,13,10,2023-10-04,Success
872,199,50,2023-04-01,Partial Payment
873,32,18,2023-04-04,Success
874,102,32,2023-04-05,Failure
875,390,32,2023-01-03,No Response
876,184,36,2023-05-05,Success
877,333,14,2023-04-16,Failure
878,466,13,2023-11-27,No Response
879,198,31,2023-04-18,Failure
880,393,10,2023-10-11,Failure
881,63,7,2023-06-06,Failure
882,394,31,2023-09-06,Success
883,452,8,2023-09-09,Success
884,350,17,2023-05-09,Success
885,344,12,2023-01-07,Failure
886,168,21,2023-09-03,Success
887,221,18,2023-11-21,Success
888,476,13,2023-11-09,Failure
889,444,50,2023-04-19,No Response
890,456,19,2023-11-04,No Response
891,49,12,2023-08-21,No Response
892,279,26,2023-10-16,Partial Payment
893,201,48,2023-02-12,Partial Payment
894,181,14,2023-05-07,Failure
895,276,32,2023-02-01,No Response
896,11,7,2023-01-22,No Response
897,413,40,2023-02-24,Success
898,358,27,2023-08-05,Success
899,477,23,2023-10-02,Partial Payment
900,387,31,2023-05-20,No Response
901,84,45,2023-08-07,Success
902,498,23,2023-04-18,Success
903,264,14,2023-07-22,Failure
904,468,25,2023-02-08,Success
905,215,36,2023-08-06,Failure
906,62,41,2023-01-17,No Response
907,428,32,2023-08-01,No Response
908,158,32,2023-01-24,No Response
909,170,15,2023-01-08,Success
910,343,15,2023-05-05,Success
911,89,39,2023-12-18,Success
912,90,35,2023-01-12,Success
913,369,43,2023-10-08,Failure
914,341,37,2023-10-24,Failure
915,230,13,2023-11-19,Failure
916,150,18,2023-09-01,Failure
917,157,32,2023-04-28,Success
918,452,13,2023-05-22,Failure
919,207,33,2023-01-28,Success
920,61,22,2023-07-22,Success
921,193,39,2023-07-19,Failure
922,499,27,2023-08-08,Partial Payment
923,126,32,2023-01-15,Failure
924,88,34,2023-07-25,Partial Payment
925,205,43,2023-03-26,Partial Payment
926,77,11,2023-05-02,Failure
927,76,22,2023-04-06,No Response
928,90,21,2023-03-03,Partial Payment
929,29,36,2023-06-24,Failure
930,62,44,2023-11-15,No Response
931,402,31,2023-03-14,Failure
932,270,32,2023-01-11,Success
933,204,27,2023-01-23,Failure
934,213,38,2023-05-01,Partial Payment
935,358,8,2023-06-17,Partial Payment
936,396,45,2023-01-18,Partial Payment
937,324,36,2023-03-09,No Response
938,342,31,2023-11-21,Partial Payment
939,370,4,2023-01-24,No Response
940,380,44,2023-12-23,Success
941,397,14,2023-02-15,Partial Payment
942,486,41,2023-05-08,No Response
943,155,10,2023-05-03,Failure
944,413,30,2023-06-19,Failure
945,56,38,2023-11-25,Failure
946,274,39,2023-11-17,Failure
947,112,50,2023-11-05,Success
948,372,40,2023-06-03,No Response
949,1,29,2023-04-06,Partial Payment
950,272,25,2023-06-18,Failure
951,13,33,2023-09-18,Failure
952,483,5,2023-03-26,No Response
953,451,10,2023-10-21,No Response
954,461,2,2023-01-06,No Response
955,392,32,2023-07-20,No Response
956,266,14,2023-11-07,No Response
957,141,25,2023-11-16,Partial Payment
958,140,15,2023-03-04,Partial Payment
959,376,30,2023-01-12,Success
960,235,34,2023-11-22,Failure
961,264,49,2023-02-22,No Response
962,363,33,2023-08-23,Failure
963,476,47,2023-09-06,No Response
964,235,2,2023-08-06,Success
965,21,25,2023-02-16,No Response
966,430,44,2023-02-04,No Response
967,253,35,2023-06-02,No Response
968,460,15,2023-02-15,No Response
969,340,35,2023-04-16,No Response
970,16,15,2023-08-28,No Response
971,46,36,2023-11-12,Failure
972,499,44,2023-08-21,Failure
973,304,6,2023-01-13,Success
974,479,38,2023-03-15,Failure
975,381,14,2023-11-16,No Response
976,306,46,2023-11-28,Partial Payment
977,189,27,2023-07-09,Failure
978,237,8,2023-01-21,Partial Payment
979,476,34,2023-11-11,No Response
980,220,46,2023-09-18,Partial Payment
981,126,32,2023-01-09,Partial Payment
982,443,10,2023-03-23,Success
983,85,1,2023-07-28,Partial Payment
984,75,29,2023-02-25,Success
985,176,32,2023-01-18,Partial Payment
986,173,22,2023-07-11,Partial Payment
987,139,30,2023-08-20,Failure
988,383,21,2023-11-07,No Response
989,150,21,2023-04-07,Failure
990,495,22,2023-03-04,No Response
991,72,23,2023-02-12,Failure
992,473,36,2023-07-08,Success
993,126,13,2023-07-17,No Response
994,200,19,2023-05-12,Failure
995,20,49,2023-11-20,No Response
996,136,46,2023-12-28,Failure
997,207,5,2023-09-14,No Response
998,190,40,2023-06-04,Success
999,16,26,2023-10-07,No Response
1000,427,16,2023-08-19,No Response
1001,403,34,2023-02-09,Failure
1002,140,48,2023-12-03,Failure
1003,19,41,2023-07-27,Success
1004,406,5,2023-07-05,No Response
1005,252,7,2023-11-13,Partial Payment
1006,483,7,2023-02-22,Failure
1007,467,4,2023-01-09,Success
1008,202,31,2023-06-03,No Response
1009,242,19,2023-02-16,Failure
1010,440,14,2023-04-04,Success
1011,285,48,2023-01-15,No Response
1012,317,29,2023-12-04,Failure
1013,182,46,2023-02-08,No Response
1014,50,9,2023-11-09,Failure
1015,397,16,2023-04-15,Partial Payment
1016,210,1,2023-11-25,Success
1017,422,5,2023-06-23,Failure
1018,456,12,2023-01-21,Partial Payment
1019,206,23,2023-01-18,Failure
1020,474,44,2023-09-05,Success
1021,272,28,2023-09-06,Success
1022,417,21,2023-07-21,Success
1023,140,46,2023-02-11,Failure
1024,380,14,2023-08-25,No Response
1025,377,28,2023-01-11,Partial Payment
1026,256,47,2023-02-15,No Response
1027,288,30,2023-12-26,No Response
1028,141,44,2023-01-17,No Response
1029,74,22,2023-04-10,Success
1030,64,19,2023-03-14,Success
1031,194,41,2023-01-14,Success
1032,15,49,2023-12-05,Success
1033,175,28,2023-08-20,Failure
1034,263,27,2023-09-15,Failure
1035,339,11,2023-11-27,No Response
1036,330,29,2023-01-06,Failure
1037,483,28,2023-11-28,Failure
1038,437,3,2023-09-09,No Response
1039,500,18,2023-01-11,No Response
1040,452,26,2023-04-21,No Response
1041,339,45,2023-08-02,Partial Payment
1042,162,7,2023-11-12,Success
1043,313,24,2023-05-17,No Response
1044,106,16,2023-08-27,Partial Payment
1045,496,21,2023-01-22,Failure
1046,463,50,2023-12-01,No Response
1047,178,16,2023-10-24,No Response
1048,324,22,2023-04-23,No Response
1049,297,45,2023-10-24,Failure
1050,381,30,2023-10-14,No Response
1051,322,32,2023-02-18,Partial Payment
1052,28,28,2023-08-10,Success
1053,443,48,2023-05-28,No Response
1054,62,14,2023-06-21,No Response
1055,313,11,2023-11-11,Failure
1056,444,18,2023-11-12,Partial Payment
1057,272,15,2023-09-12,No Response
1058,479,21,2023-07-22,Success
1059,3,13,2023-09-07,Success
1060,33,41,2023-10-20,Partial Payment
1061,118,42,2023-11-10,No Response
1062,176,50,2023-03-05,No Response
1063,134,50,2023-06-18,Failure
1064,193,40,2023-03-12,Failure
1065,160,16,2023-11-21,Success
1066,257,32,2023-02-02,Partial Payment
1067,119,47,2023-09-11,Partial Payment
1068,292,11,2023-01-20,Success
1069,84,43,2023-08-05,Success
1070,201,6,2023-02-13,Failure
1071,394,9,2023-02-03,Partial Payment
1072,103,43,2023-03-10,No Response
1073,248,42,2023-04-24,No Response
1074,261,21,2023-07-24,Partial Payment
1075,415,48,2023-12-26,Success
1076,373,17,2023-09-27,Success
1077,441,40,2023-09-18,Failure
1078,235,3,2023-03-20,No Response
1079,141,29,2023-11-11,Success
1080,422,46,2023-12-13,No Response
1081,397,19,2023-04-11,Partial Payment
1082,367,16,2023-02-01,Partial Payment
1083,356,38,2023-04-28,No Response
1084,261,17,2023-04-19,No Response
1085,283,15,2023-12-09,Failure
1086,477,30,2023-07-21,Partial Payment
1087,391,35,2023-01-10,Partial Payment
1088,454,45,2023-06-26,No Response
1089,130,8,2023-04-06,Success
1090,392,40,2023-10-16,Success
1091,405,20,2023-06-06,Failure
1092,409,18,2023-09-21,Success
1093,153,43,2023-04-19,Partial Payment
1094,64,40,2023-02-27,No Response
1095,29,8,2023-01-08,Failure
1096,490,38,2023-11-05,Failure
1097,247,42,2023-07-12,Success
1098,310,36,2023-02-11,Success
1099,193,43,2023-01-13,Failure
1100,46,5,2023-08-16,Failure
1101,308,41,2023-08-05,Partial Payment
1102,409,6,2023-07-10,Partial Payment
1103,337,35,2023-09-04,No Response
1104,432,44,2023-06-28,No Response
1105,47,13,2023-07-19,Failure
1106,127,5,2023-03-05,Partial Payment
1107,467,50,2023-03-14,Partial Payment
1108,484,39,2023-01-23,Success
1109,216,10,2023-03-07,Partial Payment
1110,417,32,2023-05-13,Failure
1111,197,12,2023-07-22,Partial Payment
1112,498,30,2023-02-28,Partial Payment
1113,495,12,2023-04-22,Success
1114,483,18,2023-04-28,Success
1115,313,46,2023-07-28,No Response
1116,129,48,2023-03-08,No Response
1117,261,36,2023-04-01,Success
1118,184,42,2023-09-12,Partial Payment
1119,390,9,2023-09-04,Partial Payment
1120,475,20,2023-06-22,No Response
1121,110,10,2023-03-07,No Response
1122,142,13,2023-09-24,Success
1123,100,9,2023-10-15,Failure
1124,426,32,2023-12-18,Partial Payment
1125,454,23,2023-03-05,Partial Payment
1126,180,36,2023-12-19,Partial Payment
1127,247,22,2023-08-21,Partial Payment
1128,328,14,2023-11-09,Partial Payment
1129,206,34,2023-02-27,Success
1130,413,19,2023-04-02,Success
1131,168,42,2023-09-14,No Response
1132,84,6,2023-06-09,Partial Payment
1133,240,45,2023-06-15,Success
1134,35,27,2023-01-17,Partial Payment
1135,90,9,2023-05-22,Success
1136,281,17,2023-12-23,Success
1137,13,6,2023-10-21,Failure
1138,42,44,2023-11-24,Failure
1139,379,1,2023-04-25,Failure
1140,143,36,2023-02-05,Failure
1141,448,37,2023-08-07,Success
1142,257,39,2023-11-21,Partial Payment
1143,52,3,2023-07-03,Partial Payment
1144,311,17,2023-01-24,Success
1145,437,42,2023-02-23,Partial Payment
1146,264,27,2023-11-15,Success
1147,154,16,2023-02-02,Success
1148,450,6,2023-02-07,Partial Payment
1149,497,15,2023-03-01,Success
1150,233,6,2023-10-03,No Response
1151,6,48,2023-10-23,No Response
1152,204,24,2023-10-22,Failure
1153,492,7,2023-01-09,Partial Payment
1154,176,37,2023-11-27,Partial Payment
1155,30,48,2023-10-03,Failure
1156,182,23,2023-11-23,Partial Payment
1157,162,1,2023-08-14,Failure
1158,185,38,2023-10-28,Failure
1159,16,44,2023-08-18,Partial Payment
1160,393,43,2023-09-25,Success
1161,191,24,2023-10-21,No Response
1162,418,12,2023-02-07,Failure
1163,288,39,2023-05-17,Failure
1164,18,9,2023-08-09,Success
1165,49,23,2023-02-13,Partial Payment
1166,271,29,2023-10-27,No Response
1167,453,18,2023-08-08,Success
1168,403,15,2023-08-26,No Response
1169,135,30,2023-09-14,No Response
1170,208,24,2023-07-19,Partial Payment
1171,24,33,2023-03-12,Failure
1172,18,21,2023-11-11,Success
1173,137,35,2023-02-26,Success
1174,243,1,2023-01-23,No Response
1175,95,9,2023-04-24,Success
1176,220,37,2023-05-06,Partial Payment
1177,196,10,2023-10-03,No Response
1178,138,33,2023-07-08,Failure
1179,147,36,2023-09-27,Success
1180,233,2,2023-08-17,No Response
1181,101,41,2023-11-07,No Response
1182,433,27,2023-04-22,No Response
1183,132,41,2023-12-19,Success
1184,346,19,2023-09-28,Partial Payment
1185,212,32,2023-12-10,No Response
1186,149,37,2023-06-24,Success
1187,67,12,2023-11-17,Success
1188,167,10,2023-10-01,Success
1189,423,5,2023-05-15,Partial Payment
1190,28,19,2023-11-16,Partial Payment
1191,233,13,2023-05-04,Partial Payment
1192,205,19,2023-12-08,Success
1193,231,36,2023-09-11,Success
1194,478,20,2023-03-26,Success
1195,65,4,2023-03-06,Success
1196,295,21,2023-10-03,No Response
1197,151,5,2023-01-01,Failure
1198,463,4,2023-04-20,Partial Payment
1199,36,12,2023-12-23,Partial Payment
1200,76,4,2023-03-23,Partial Payment
1201,202,46,2023-08-28,Success
1202,74,19,2023-10-15,Success
1203,38,9,2023-01-25,Failure
1204,238,23,2023-08-19,Success
1205,318,25,2023-08-20,Partial Payment
1206,302,13,2023-01-24,Partial Payment
1207,41,41,2023-10-23,Failure
1208,327,8,2023-11-15,Failure
1209,307,43,2023-05-06,Partial Payment
1210,267,35,2023-04-08,Failure
1211,9,48,2023-08-21,Partial Payment
1212,424,14,2023-01-10,Partial Payment
1213,86,22,2023-06-01,No Response
1214,462,32,2023-07-09,No Response
1215,155,14,2023-09-15,Failure
1216,343,10,2023-10-12,Partial Payment
1217,28,35,2023-08-05,Success
1218,472,49,2023-07-07,No Response
1219,210,4,2023-03-15,Success
1220,286,7,2023-02-21,Failure
1221,435,22,2023-09-04,Failure
1222,328,20,2023-12-26,Partial Payment
1223,215,30,2023-12-28,Failure
1224,84,31,2023-05-07,No Response
1225,436,32,2023-11-02,Failure
1226,429,17,2023-08-27,Success
1227,2,48,2023-01-18,No Response
1228,133,43,2023-12-08,Failure
1229,131,47,2023-10-04,Failure
1230,182,5,2023-11-18,No Response
1231,249,44,2023-02-19,Failure
1232,292,25,2023-02-14,Failure
1233,251,30,2023-07-15,Success
1234,230,37,2023-08-06,Partial Payment
1235,231,28,2023-08-15,Failure
1236,141,7,2023-12-27,Success
1237,337,36,2023-05-25,Success
1238,473,4,2023-06-25,No Response
1239,87,25,2023-05-10,Failure
1240,344,37,2023-09-07,Partial Payment
1241,339,14,2023-03-07,Failure
1242,59,21,2023-05-04,Failure
1243,124,13,2023-12-15,Partial Payment
1244,483,3,2023-05-08,Partial Payment
1245,173,43,2023-09-24,Success
1246,153,50,2023-02-17,Partial Payment
1247,222,29,2023-04-15,No Response
1248,23,47,2023-03-22,Success
1249,164,31,2023-06-09,Success
1250,326,43,2023-05-09,Failure
1251,167,39,2023-07-06,No Response
1252,304,21,2023-12-14,Success
1253,280,32,2023-09-25,Success
1254,329,17,2023-02-08,No Response
1255,135,12,2023-02-15,No Response
1256,248,33,2023-07-26,Success
1257,104,35,2023-02-15,No Response
1258,28,17,2023-10-05,No Response
1259,249,36,2023-11-18,Failure
1260,438,3,2023-12-24,Failure
1261,459,34,2023-06-12,Partial Payment
1262,246,5,2023-04-18,Success
1263,220,18,2023-03-24,Failure
1264,452,45,2023-03-14,Partial Payment
1265,202,39,2023-12-25,No Response
1266,11,18,2023-09-15,No Response
1267,476,10,2023-11-06,Success
1268,276,22,2023-11-04,Failure
1269,191,45,2023-07-14,Partial Payment
1270,73,25,2023-09-19,No Response
1271,430,38,2023-08-09,Partial Payment
1272,363,17,2023-09-02,Partial Payment
1273,100,39,2023-06-07,Success
1274,254,5,2023-06-14,Partial Payment
1275,305,11,2023-11-01,Partial Payment
1276,5,18,2023-04-15,Partial Payment
1277,323,23,2023-05-17,Failure
1278,255,32,2023-10-13,Success
1279,207,12,2023-08-25,Partial Payment
1280,176,24,2023-06-06,Failure
1281,36,14,2023-05-15,Failure
1282,111,3,2023-03-09,No Response
1283,93,18,2023-11-16,Success
1284,494,33,2023-09-22,No Response
1285,343,9,2023-08-07,No Response
1286,370,37,2023-12-25,Success
1287,161,16,2023-12-26,Success
1288,363,44,2023-12-05,Partial Payment
1289,156,2,2023-08-18,Partial Payment
1290,189,29,2023-10-23,Success
1291,105,9,2023-10-10,No Response
1292,20,44,2023-05-13,Partial Payment
1293,349,26,2023-06-15,Success
1294,114,23,2023-11-14,No Response
1295,387,35,2023-10-22,Failure
1296,328,43,2023-06-11,Partial Payment
1297,377,7,2023-09-17,Partial Payment
1298,11,50,2023-07-01,Failure
1299,146,26,2023-11-21,Partial Payment
1300,299,30,2023-09-13,No Response
1301,375,12,2023-09-16,No Response
1302,374,36,2023-09-09,No Response
1303,77,20,2023-03-24,Failure
1304,438,14,2023-12-03,Failure
1305,134,44,2023-08-22,Failure
1306,117,42,2023-09-14,Success
1307,169,42,2023-09-21,Partial Payment
1308,248,31,2023-08-22,Success
1309,426,8,2023-08-21,Partial Payment
1310,122,37,2023-02-23,Failure
1311,27,27,2023-06-19,No Response
1312,226,43,2023-05-22,No Response
1313,297,16,2023-04-19,Failure
1314,193,10,2023-01-01,No Response
1315,135,1,2023-10-26,Partial Payment
1316,257,5,2023-04-09,Success
1317,494,12,2023-07-12,Partial Payment
1318,279,12,2023-10-12,Failure
1319,306,7,2023-07-13,No Response
1320,426,31,2023-05-28,Failure
1321,251,45,2023-10-04,Success
1322,426,50,2023-11-16,Partial Payment
1323,359,17,2023-06-20,No Response
1324,56,30,2023-06-28,Failure
1325,25,40,2023-03-27,Failure
1326,444,16,2023-09-23,Failure
1327,113,48,2023-02-07,No Response
1328,85,19,2023-12-05,Failure
1329,5,50,2023-02-07,Partial Payment
1330,410,1,2023-10-17,Failure
1331,4,5,2023-12-25,Partial Payment
1332,353,36,2023-07-07,Partial Payment
1333,93,28,2023-08-07,Partial Payment
1334,247,31,2023-08-04,Partial Payment
1335,309,25,2023-03-12,Success
1336,379,49,2023-04-19,Success
1337,92,36,2023-11-04,Partial Payment
1338,346,38,2023-06-21,Failure
1339,331,40,2023-07-05,No Response
1340,151,19,2023-12-06,Partial Payment
1341,115,34,2023-04-15,Failure
1342,255,30,2023-05-14,Partial Payment
1343,412,42,2023-10-02,Partial Payment
1344,85,29,2023-04-04,Success
1345,261,34,2023-10-10,Partial Payment
1346,156,25,2023-10-14,Partial Payment
1347,210,29,2023-11-13,Partial Payment
1348,298,10,2023-04-19,Partial Payment
1349,314,47,2023-08-02,Success
1350,123,9,2023-02-27,Partial Payment
1351,31,28,2023-03-13,No Response
1352,66,1,2023-05-23,Success
1353,80,45,2023-02-02,Failure
1354,177,36,2023-03-27,Failure
1355,487,19,2023-09-17,Failure
1356,60,13,2023-11-12,No Response
1357,177,4,2023-05-25,Partial Payment
1358,145,40,2023-09-13,No Response
1359,98,24,2023-11-02,No Response
1360,358,40,2023-03-12,Failure
1361,371,45,2023-12-17,Failure
1362,272,30,2023-04-19,Failure
1363,119,39,2023-05-19,Failure
1364,286,12,2023-07-03,Failure
1365,27,40,2023-04-10,No Response
1366,13,5,2023-10-13,Failure
1367,362,39,2023-12-08,Partial Payment
1368,360,34,2023-08-02,Partial Payment
1369,134,20,2023-07-24,Partial Payment
1370,497,18,2023-10-09,No Response
1371,263,47,2023-12-26,No Response
1372,16,43,2023-09-15,Success
1373,474,26,2023-05-06,No Response
1374,498,31,2023-01-01,No Response
1375,165,44,2023-06-04,No Response
1376,40,36,2023-03-23,Partial Payment
1377,139,29,2023-02-22,No Response
1378,170,7,2023-09-10,Failure
1379,454,39,2023-01-28,Success
1380,95,23,2023-02-27,Success
1381,306,36,2023-06-09,Failure
1382,374,35,2023-01-17,Success
1383,81,4,2023-08-08,Success
1384,434,39,2023-10-08,Partial Payment
1385,62,41,2023-10-26,Failure
1386,125,20,2023-10-05,Partial Payment
1387,313,13,2023-01-14,Success
1388,32,39,2023-08-02,No Response
1389,488,33,2023-11-26,Failure
1390,227,10,2023-02-11,Failure
1391,220,23,2023-05-11,Partial Payment
1392,37,21,2023-10-26,Partial Payment
1393,497,37,2023-05-12,Partial Payment
1394,261,23,2023-04-09,Success
1395,93,17,2023-04-01,Partial Payment
1396,318,43,2023-02-27,No Response
1397,156,45,2023-02-19,No Response
1398,211,1,2023-11-12,Success
1399,125,9,2023-04-23,Partial Payment
1400,410,25,2023-03-05,No Response
1401,279,35,2023-04-09,No Response
1402,79,16,2023-12-19,No Response
1403,79,31,2023-03-18,No Response
1404,71,9,2023-11-19,No Response
1405,79,10,2023-01-06,No Response
1406,294,1,2023-08-27,No Response
1407,243,30,2023-01-01,Success
1408,23,22,2023-04-24,Failure
1409,190,49,2023-04-26,Success
1410,265,27,2023-04-17,No Response
1411,119,24,2023-11-01,Success
1412,243,24,2023-01-10,Failure
1413,122,31,2023-10-03,Partial Payment
1414,481,5,2023-08-13,Partial Payment
1415,337,50,2023-08-28,No Response
1416,286,16,2023-02-16,No Response
1417,145,23,2023-04-23,Success
1418,398,21,2023-08-23,Success
1419,283,8,2023-03-01,Partial Payment
1420,292,31,2023-01-21,Failure
1421,413,29,2023-04-21,Partial Payment
1422,24,29,2023-03-27,Failure
1423,19,38,2023-07-16,Failure
1424,292,29,2023-07-12,Success
1425,150,14,2023-08-19,Success
1426,425,29,2023-07-28,No Response
1427,64,45,2023-07-08,Failure
1428,316,1,2023-10-13,Failure
1429,115,23,2023-03-13,Failure
1430,358,21,2023-01-28,Partial Payment
1431,161,14,2023-02-14,Success
1432,183,14,2023-03-20,Success
1433,174,29,2023-01-14,No Response
1434,54,13,2023-08-03,Success
1435,377,48,2023-11-14,Partial Payment
1436,448,4,2023-09-04,Failure
1437,265,7,2023-05-08,Failure
1438,120,6,2023-02-13,Failure
1439,300,17,2023-03-03,Failure
1440,245,12,2023-01-07,Partial Payment
1441,422,12,2023-05-03,No Response
1442,257,7,2023-04-07,Success
1443,131,12,2023-08-09,Success
1444,281,26,2023-06-19,Success
1445,86,33,2023-10-20,No Response
1446,3,29,2023-08-05,Partial Payment
1447,461,21,2023-12-05,Failure
1448,485,41,2023-01-01,Success
1449,452,15,2023-01-23,Partial Payment
1450,323,28,2023-05-04,No Response
1451,389,41,2023-06-18,Success
1452,269,2,2023-08-18,No Response
1453,341,1,2023-10-22,Failure
1454,270,20,2023-10-06,Failure
1455,306,31,2023-10-13,Failure
1456,104,35,2023-05-16,No Response
1457,120,13,2023-02-04,Success
1458,225,41,2023-05-02,Partial Payment
1459,43,31,2023-03-17,Partial Payment
1460,107,15,2023-09-21,No Response
1461,266,47,2023-07-14,Success
1462,189,27,2023-08-26,Failure
1463,217,4,2023-09-25,Failure
1464,118,27,2023-11-23,Success
1465,58,19,2023-05-05,Success
1466,362,44,2023-11-27,Failure
1467,119,42,2023-05-11,No Response
1468,275,32,2023-08-27,Success
1469,168,7,2023-04-23,Failure
1470,280,5,2023-03-20,No Response
1471,13,10,2023-08-25,Partial Payment
1472,123,33,2023-04-05,No Response
1473,413,3,2023-10-12,Success
1474,326,6,2023-12-10,Failure
1475,185,24,2023-10-18,Partial Payment
1476,101,18,2023-12-18,Failure
1477,351,10,2023-11-06,Success
1478,288,3,2023-07-18,Success
1479,341,43,2023-08-25,No Response
1480,405,16,2023-10-02,Partial Payment
1481,413,17,2023-04-24,Partial Payment
1482,203,8,2023-09-17,Partial Payment
1483,110,16,2023-09-10,Success
1484,481,35,2023-06-07,No Response
1485,27,41,2023-08-28,No Response
1486,311,9,2023-03-01,Failure
1487,148,27,2023-09-13,No Response
1488,468,45,2023-02-05,Success
1489,299,29,2023-04-13,No Response
1490,51,39,2023-07-17,No Response
1491,10,6,2023-03-26,Failure
1492,360,39,2023-08-02,Failure
1493,309,44,2023-12-14,No Response
1494,275,8,2023-11-16,Partial Payment
1495,476,7,2023-12-26,Partial Payment
1496,232,4,2023-03-24,Partial Payment
1497,337,4,2023-01-22,Failure
1498,484,35,2023-09-17,Failure
1499,32,5,2023-06-04,Failure
1500,260,9,2023-04-05,No Response
1501,153,11,2023-09-25,Failure
1502,148,6,2023-07-22,No Response
1503,185,44,2023-06-22,Failure
1504,352,8,2023-12-16,Success
1505,214,49,2023-01-11,No Response
1506,330,36,2023-05-04,Partial Payment
1507,277,27,2023-04-28,No Response
1508,486,49,2023-07-21,Partial Payment
1509,344,14,2023-11-07,No Response
1510,114,45,2023-06-09,Failure
1511,36,37,2023-06-09,No Response
1512,441,11,2023-03-03,Failure
1513,316,41,2023-01-24,Failure
1514,212,40,2023-04-22,Failure
1515,177,43,2023-05-10,Success
1516,155,1,2023-04-24,Failure
1517,475,2,2023-12-25,No Response
1518,471,18,2023-07-15,No Response
1519,190,23,2023-07-13,No Response
1520,295,40,2023-06-14,Partial Payment
1521,125,46,2023-06-01,Success
1522,417,22,2023-03-12,Success
1523,314,50,2023-01-02,Success
1524,305,14,2023-03-20,Failure
1525,15,12,2023-09-24,No Response
1526,7,45,2023-01-16,Failure
1527,362,22,2023-03-18,No Response
1528,190,16,2023-04-03,Success
1529,390,7,2023-01-21,Success
1530,333,43,2023-05-26,No Response
1531,263,16,2023-07-26,No Response
1532,346,7,2023-03-15,Failure
1533,319,24,2023-06-14,Partial Payment
1534,175,4,2023-11-09,Partial Payment
1535,312,33,2023-01-21,Success
1536,160,24,2023-02-17,Success
1537,289,25,2023-04-01,Failure
1538,91,9,2023-01-15,No Response
1539,430,45,2023-04-17,Failure
1540,140,36,2023-08-18,No Response
1541,45,8,2023-02-07,No Response
1542,202,39,2023-06-15,Partial Payment
1543,9,35,2023-09-01,Failure
1544,381,23,2023-12-27,Success
1545,104,31,2023-06-28,Success
1546,288,36,2023-06-12,Failure
1547,209,26,2023-11-28,Partial Payment
1548,78,9,2023-11-23,Failure
1549,28,27,2023-11-24,Failure
1550,49,32,2023-05-16,Partial Payment
1551,236,50,2023-12-06,Failure
1552,133,4,2023-05-12,No Response
1553,432,16,2023-02-10,Success
1554,173,33,2023-07-14,Success
1555,36,27,2023-04-16,Success
1556,149,38,2023-02-15,No Response
1557,56,9,2023-01-16,Success
1558,165,6,2023-07-01,No Response
1559,470,1,2023-10-14,Success
1560,44,45,2023-08-13,No Response
1561,405,23,2023-01-07,No Response
1562,175,42,2023-10-18,Success
1563,405,11,2023-12-14,No Response
1564,61,27,2023-08-03,Failure
1565,399,26,2023-11-25,No Response
1566,41,2,2023-04-09,No Response
1567,459,24,2023-05-10,Success
1568,279,35,2023-07-11,No Response
1569,182,7,2023-03-08,Partial Payment
1570,123,48,2023-04-02,No Response
1571,117,14,2023-07-12,Partial Payment
1572,460,36,2023-09-07,Partial Payment
1573,335,44,2023-04-04,Success
1574,416,25,2023-12-12,Success
1575,122,8,2023-09-05,Partial Payment
1576,453,9,2023-11-28,Partial Payment
1577,163,21,2023-07-06,No Response
1578,172,2,2023-06-21,Success
1579,155,15,2023-07-18,Failure
1580,53,45,2023-01-14,Failure
1581,399,4,2023-07-19,Success
1582,98,5,2023-12-18,Partial Payment
1583,34,34,2023-07-15,Partial Payment
1584,127,40,2023-12-07,Failure
1585,187,20,2023-10-10,Partial Payment
1586,213,33,2023-01-08,Partial Payment
1587,215,5,2023-06-28,No Response
1588,98,14,2023-01-25,Failure
1589,277,41,2023-10-21,Failure
1590,146,39,2023-05-07,Failure
1591,206,38,2023-10-27,No Response
1592,293,1,2023-10-13,No Response
1593,277,37,2023-05-17,No Response
1594,40,22,2023-07-28,No Response
1595,427,14,2023-12-04,Partial Payment
1596,216,10,2023-04-05,Partial Payment
1597,408,8,2023-07-05,No Response
1598,40,27,2023-02-15,Success
1599,189,4,2023-02-28,Partial Payment
1600,318,26,2023-05-21,Partial Payment
1601,163,16,2023-08-23,Failure
1602,117,44,2023-10-12,No Response
1603,233,1,2023-08-01,Success
1604,266,39,2023-09-14,Failure
1605,296,21,2023-12-01,Failure
1606,305,50,2023-06-15,No Response
1607,252,9,2023-08-20,Success
1608,247,49,2023-10-13,No Response
1609,421,14,2023-04-12,Failure
1610,157,30,2023-04-01,Failure
1611,393,37,2023-03-13,Failure
1612,408,34,2023-01-24,Partial Payment
1613,131,9,2023-01-27,Partial Payment
1614,7,34,2023-05-24,Partial Payment
1615,212,28,2023-08-18,No Response
1616,251,16,2023-12-02,Failure
1617,262,13,2023-07-17,Partial Payment
1618,333,25,2023-10-04,No Response
1619,241,7,2023-09-25,Partial Payment
1620,473,47,2023-02-18,Failure
1621,7,34,2023-09-28,Failure
1622,256,31,2023-06-09,No Response
1623,109,14,2023-07-05,No Response
1624,95,32,2023-05-15,Failure
1625,482,28,2023-01-22,No Response
1626,57,12,2023-11-11,Success
1627,433,2,2023-01-27,No Response
1628,320,41,2023-07-09,Failure
1629,39,44,2023-03-18,Partial Payment
1630,36,12,2023-07-19,Success
1631,281,32,2023-12-25,No Response
1632,296,11,2023-01-15,No Response
1633,457,20,2023-06-25,Failure
1634,260,36,2023-10-16,Partial Payment
1635,305,6,2023-01-15,No Response
1636,417,26,2023-11-02,Partial Payment
1637,293,12,2023-09-26,Failure
1638,491,11,2023-08-10,No Response
1639,496,10,2023-02-06,Partial Payment
1640,126,50,2023-01-13,Partial Payment
1641,445,29,2023-06-06,No Response
1642,44,31,2023-08-10,Partial Payment
1643,349,4,2023-01-09,Success
1644,39,34,2023-05-03,Partial Payment
1645,187,42,2023-01-02,No Response
1646,303,41,2023-03-08,Partial Payment
1647,294,28,2023-11-21,No Response
1648,447,15,2023-05-19,No Response
1649,309,1,2023-04-05,Failure
1650,368,10,2023-11-21,Failure
1651,489,11,2023-04-16,Success
1652,29,2,2023-03-20,No Response
1653,8,19,2023-03-21,No Response
1654,298,12,2023-01-14,Partial Payment
1655,355,3,2023-12-25,No Response
1656,259,38,2023-12-18,Failure
1657,184,28,2023-08-17,No Response
1658,244,23,2023-06-05,Failure
1659,42,8,2023-09-12,Success
1660,436,4,2023-12-22,Failure
1661,386,35,2023-03-02,Success
1662,392,33,2023-04-18,Success
1663,428,16,2023-03-24,Success
1664,335,12,2023-05-22,Partial Payment
1665,350,46,2023-02-19,No Response
1666,94,34,2023-11-05,Failure
1667,246,3,2023-11-15,Failure
1668,87,14,2023-05-15,No Response
1669,408,29,2023-08-08,No Response
1670,475,46,2023-12-04,No Response
1671,357,33,2023-03-10,Success
1672,418,9,2023-06-28,No Response
1673,9,48,2023-10-05,Partial Payment
1674,382,38,2023-09-19,Partial Payment
1675,428,28,2023-10-03,Partial Payment
1676,424,10,2023-08-22,Partial Payment
1677,258,35,2023-01-03,No Response
1678,449,32,2023-03-16,Success
1679,263,27,2023-07-27,Failure
1680,298,46,2023-12-16,No Response
1681,408,30,2023-01-03,No Response
1682,107,33,2023-03-03,No Response
1683,446,14,2023-09-13,No Response
1684,45,23,2023-01-10,Partial Payment
1685,150,47,2023-05-24,No Response
1686,36,7,2023-05-12,No Response
1687,56,26,2023-09-03,Partial Payment
1688,356,37,2023-09-05,Partial Payment
1689,198,35,2023-07-26,Partial Payment
1690,417,31,2023-12-05,Partial Payment
1691,119,42,2023-08-24,No Response
1692,22,10,2023-04-03,Success
1693,288,11,2023-07-05,Failure
1694,404,36,2023-06-24,Failure
1695,184,22,2023-06-27,No Response
1696,194,18,2023-04-22,Failure
1697,99,17,2023-01-02,Failure
1698,64,36,2023-01-10,Partial Payment
1699,102,24,2023-02-01,Partial Payment
1700,11,3,2023-10-28,Partial Payment
1701,327,3,2023-01-04,No Response
1702,30,34,2023-10-01,No Response
1703,16,17,2023-03-25,Partial Payment
1704,227,15,2023-09-04,Failure
1705,136,17,2023-09-18,Failure
1706,497,24,2023-10-17,Success
1707,427,37,2023-12-11,No Response
1708,321,48,2023-02-06,Success
1709,364,46,2023-04-02,No Response
1710,78,9,2023-07-10,Failure
1711,28,16,2023-08-11,Partial Payment
1712,468,39,2023-08-27,Failure
1713,446,1,2023-07-23,Failure
1714,208,6,2023-03-10,Partial Payment
1715,411,50,2023-10-24,Failure
1716,258,26,2023-05-21,No Response
1717,456,31,2023-02-12,Success
1718,180,33,2023-10-02,Success
1719,224,33,2023-10-03,Success
1720,95,29,2023-06-20,Success
1721,107,44,2023-10-08,No Response
1722,35,23,2023-09-11,No Response
1723,224,17,2023-01-28,Success
1724,112,8,2023-09-07,Failure
1725,250,19,2023-03-16,Success
1726,51,5,2023-02-22,Failure
1727,365,24,2023-07-28,Failure
1728,66,3,2023-09-22,Success
1729,223,39,2023-07-21,No Response
1730,479,18,2023-05-05,No Response
1731,193,47,2023-05-08,Success
1732,276,37,2023-10-06,Success
1733,494,30,2023-10-07,Partial Payment
1734,452,30,2023-12-22,Success
1735,131,14,2023-04-15,No Response
1736,234,46,2023-12-26,Failure
1737,112,40,2023-01-04,Partial Payment
1738,198,1,2023-02-20,Success
1739,437,40,2023-03-19,Partial Payment
1740,203,6,2023-06-17,Success
1741,248,30,2023-05-09,Failure
1742,79,30,2023-05-06,Success
1743,208,31,2023-08-06,Partial Payment
1744,77,42,2023-09-17,No Response
1745,414,38,2023-08-19,Failure
1746,25,48,2023-11-28,No Response
1747,299,9,2023-01-23,No Response
1748,48,22,2023-08-04,No Response
1749,410,44,2023-06-13,Success
1750,325,34,2023-04-19,Success
1751,480,39,2023-12-07,No Response
1752,494,1,2023-07-09,Success
1753,365,35,2023-05-01,Success
1754,217,45,2023-03-09,Partial Payment
1755,206,40,2023-03-28,Partial Payment
1756,24,28,2023-02-17,Partial Payment
1757,226,33,2023-03-22,Success
1758,123,30,2023-10-07,Failure
1759,282,14,2023-08-10,Failure
1760,339,18,2023-11-25,Partial Payment
1761,335,37,2023-06-14,Partial Payment
1762,452,8,2023-07-21,No Response
1763,37,48,2023-09-22,Success
1764,348,37,2023-09-23,Failure
1765,205,24,2023-03-28,Partial Payment
1766,252,22,2023-02-03,No Response
1767,35,10,2023-10-16,Success
1768,448,48,2023-07-22,No Response
1769,413,48,2023-09-19,No Response
1770,344,49,2023-08-25,Partial Payment
1771,35,25,2023-08-19,Failure
1772,233,1,2023-12-26,Success
1773,50,24,2023-10-23,No Response
1774,104,25,2023-09-03,Partial Payment
1775,482,14,2023-07-12,No Response
1776,301,50,2023-09-03,Success
1777,489,42,2023-07-15,Failure
1778,336,1,2023-08-21,Success
1779,184,39,2023-02-13,Success
1780,43,38,2023-12-04,Success
1781,433,43,2023-11-14,Partial Payment
1782,74,25,2023-10-24,Success
1783,352,47,2023-05-01,Failure
1784,225,32,2023-01-26,Partial Payment
1785,472,3,2023-06-04,No Response
1786,361,16,2023-09-11,Success
1787,396,12,2023-12-11,No Response
1788,37,4,2023-09-27,Failure
1789,252,43,2023-08-03,No Response
1790,411,11,2023-09-13,Success
1791,320,18,2023-11-13,No Response
1792,109,17,2023-10-24,Partial Payment
1793,73,7,2023-07-24,Failure
1794,80,23,2023-05-05,Success
1795,278,32,2023-02-22,Failure
1796,327,23,2023-01-13,Partial Payment
1797,25,7,2023-03-12,Failure
1798,77,34,2023-12-05,Success
1799,473,7,2023-11-07,No Response
1800,214,4,2023-09-08,No Response
1801,447,40,2023-12-28,Failure
1802,6,35,2023-03-16,No Response
1803,83,14,2023-12-23,Failure
1804,454,46,2023-06-07,No Response
1805,42,16,2023-01-21,Failure
1806,461,45,2023-07-18,No Response
1807,7,5,2023-06-12,No Response
1808,195,6,2023-01-13,No Response
1809,207,38,2023-11-07,Failure
1810,333,7,2023-04-11,Success
1811,303,32,2023-03-03,No Response
1812,373,11,2023-01-24,Failure
1813,133,47,2023-08-26,Partial Payment
1814,7,2,2023-12-09,Partial Payment
1815,466,33,2023-07-25,No Response
1816,446,21,2023-09-09,Success
1817,19,43,2023-06-11,No Response
1818,104,41,2023-09-18,No Response
1819,121,47,2023-03-11,Failure
1820,451,5,2023-07-19,Partial Payment
1821,213,7,2023-11-13,Failure
1822,410,49,2023-11-04,Partial Payment
1823,91,24,2023-11-15,Failure
1824,430,15,2023-11-23,No Response
1825,135,35,2023-11-22,Failure
1826,481,45,2023-01-03,Success
1827,375,34,2023-06-17,Partial Payment
1828,229,39,2023-12-21,No Response
1829,204,38,2023-06-12,Partial Payment
1830,126,14,2023-06-11,Partial Payment
1831,295,8,2023-07-26,Partial Payment
1832,411,22,2023-10-28,No Response
1833,450,28,2023-04-06,No Response
1834,344,10,2023-06-17,Failure
1835,165,41,2023-01-11,Partial Payment
1836,499,18,2023-06-01,Failure
1837,294,44,2023-02-08,Failure
1838,481,22,2023-10-16,No Response
1839,493,15,2023-06-12,Failure
1840,24,34,2023-12-14,Success
1841,328,1,2023-01-17,Failure
1842,334,11,2023-01-01,Partial Payment
1843,444,31,2023-04-19,Failure
1844,188,38,2023-03-14,No Response
1845,184,32,2023-04-21,Success
1846,323,37,2023-12-23,Success
1847,464,41,2023-05-05,No Response
1848,497,18,2023-07-14,No Response
1849,51,21,2023-09-13,Partial Payment
1850,472,45,2023-11-23,Partial Payment
1851,496,14,2023-04-23,Failure
1852,302,13,2023-08-06,No Response
1853,350,19,2023-02-28,Failure
1854,368,3,2023-08-01,No Response
1855,86,47,2023-09-03,Failure
1856,468,33,2023-10-08,Success
1857,295,50,2023-06-28,Partial Payment
1858,346,14,2023-01-12,Partial Payment
1859,15,39,2023-12-02,Partial Payment
1860,480,31,2023-05-08,Failure
1861,443,9,2023-07-22,No Response
1862,447,14,2023-09-01,Failure
1863,178,19,2023-07-15,Failure
1864,420,11,2023-02-05,Success
1865,112,45,2023-02-01,Success
1866,336,2,2023-07-04,Partial Payment
1867,289,10,2023-06-16,Failure
1868,121,33,2023-07-07,Failure
1869,179,35,2023-01-08,Success
1870,483,35,2023-04-03,No Response
1871,125,38,2023-05-21,Failure
1872,330,14,2023-08-21,Partial Payment
1873,192,26,2023-11-15,Success
1874,63,23,2023-07-25,Failure
1875,144,50,2023-02-27,No Response
1876,317,27,2023-02-01,Partial Payment
1877,482,22,2023-11-20,Success
1878,492,19,2023-08-02,No Response
1879,365,37,2023-09-15,Partial Payment
1880,348,50,2023-06-14,Failure
1881,245,34,2023-08-01,Partial Payment
1882,473,37,2023-08-10,No Response
1883,497,33,2023-07-03,Partial Payment
1884,89,33,2023-09-03,Failure
1885,52,31,2023-05-18,Success
1886,271,44,2023-01-14,Partial Payment
1887,50,34,2023-07-02,No Response
1888,363,25,2023-07-18,Partial Payment
1889,239,10,2023-11-14,Failure
1890,473,40,2023-02-18,Partial Payment
1891,141,35,2023-09-14,No Response
1892,117,23,2023-03-21,No Response
1893,215,5,2023-06-11,No Response
1894,8,1,2023-05-21,No Response
1895,157,30,2023-04-25,Partial Payment
1896,48,40,2023-02-02,Failure
1897,42,5,2023-08-09,Partial Payment
1898,51,34,2023-10-20,No Response
1899,121,37,2023-11-13,Success
1900,411,39,2023-05-28,No Response
1901,33,9,2023-10-21,No Response
1902,289,27,2023-02-14,Partial Payment
1903,482,43,2023-02-13,Failure
1904,290,20,2023-11-17,No Response
1905,229,43,2023-06-02,Partial Payment
1906,225,10,2023-02-22,Partial Payment
1907,422,3,2023-03-15,Failure
1908,321,44,2023-10-09,Partial Payment
1909,336,40,2023-09-07,Success
1910,30,16,2023-01-15,Partial Payment
1911,472,8,2023-05-22,Success
1912,476,26,2023-11-08,Partial Payment
1913,148,1,2023-01-23,Failure
1914,492,2,2023-09-24,No Response
1915,406,12,2023-09-26,Success
1916,74,1,2023-11-14,Success
1917,361,2,2023-08-08,Failure
1918,126,30,2023-10-06,Partial Payment
1919,312,49,2023-04-23,Partial Payment
1920,65,31,2023-06-26,Failure
1921,214,22,2023-02-19,Success
1922,60,41,2023-08-02,No Response
1923,182,24,2023-12-24,Success
1924,97,25,2023-04-09,Success
1925,372,4,2023-10-19,Success
1926,221,8,2023-09-05,Failure
1927,37,33,2023-06-08,Failure
1928,469,15,2023-06-01,Success
1929,163,44,2023-08-08,Success
1930,230,19,2023-03-26,Success
1931,288,49,2023-09-12,Failure
1932,490,22,2023-08-04,Partial Payment
1933,262,14,2023-02-24,Success
1934,454,10,2023-05-24,No Response
1935,167,38,2023-01-21,Partial Payment
1936,446,27,2023-01-01,Failure
1937,386,23,2023-05-06,Failure
1938,119,49,2023-06-25,Success
1939,85,17,2023-07-02,Partial Payment
1940,492,22,2023-07-19,Partial Payment
1941,356,25,2023-08-25,Success
1942,58,48,2023-02-07,No Response
1943,210,25,2023-11-09,No Response
1944,109,20,2023-04-13,Failure
1945,42,9,2023-06-15,No Response
1946,249,7,2023-12-13,Partial Payment
1947,269,26,2023-10-10,Failure
1948,5,16,2023-07-08,No Response
1949,135,25,2023-10-05,Success
1950,359,44,2023-02-01,Partial Payment
1951,53,48,2023-01-23,No Response
1952,456,26,2023-06-25,Success
1953,135,50,2023-11-09,Failure
1954,398,14,2023-04-13,Success
1955,137,41,2023-05-19,Success
1956,407,41,2023-04-16,Partial Payment
1957,126,34,2023-04-24,Partial Payment
1958,57,10,2023-09-06,Partial Payment
1959,37,41,2023-12-08,No Response
1960,395,14,2023-08-27,Success
1961,336,6,2023-09-18,Failure
1962,64,22,2023-07-13,Success
1963,382,36,2023-04-09,Partial Payment
1964,256,28,2023-07-06,Failure
1965,419,36,2023-11-01,No Response
1966,85,27,2023-06-18,No Response
1967,174,7,2023-01-21,Success
1968,112,7,2023-03-02,No Response
1969,381,9,2023-04-23,Failure
1970,182,43,2023-01-16,Failure
1971,406,39,2023-03-13,Success
1972,231,18,2023-02-01,Success
1973,153,45,2023-12-06,No Response
1974,186,15,2023-12-04,Failure
1975,89,16,2023-02-10,Success
1976,187,25,2023-05-14,Partial Payment
1977,69,36,2023-07-28,Failure
1978,96,34,2023-05-16,No Response
1979,171,11,2023-05-10,Failure
1980,121,45,2023-03-16,Success
1981,42,25,2023-02-10,Partial Payment
1982,6,41,2023-05-05,No Response
1983,50,46,2023-10-18,No Response
1984,277,5,2023-12-16,Partial Payment
1985,94,29,2023-12-09,Failure
1986,81,40,2023-03-17,Success
1987,88,39,2023-02-10,Partial Payment
1988,414,25,2023-07-17,Success
1989,303,12,2023-03-11,No Response
1990,149,2,2023-12-25,No Response
1991,363,31,2023-08-17,Partial Payment
1992,353,36,2023-01-05,Success
1993,114,46,2023-07-19,No Response
1994,229,23,2023-08-05,No Response
1995,384,16,2023-05-15,Partial Payment
1996,500,44,2023-06-03,Success
1997,119,46,2023-09-02,Success
1998,354,30,2023-05-21,Partial Payment
1999,446,41,2023-12-27,Partial Payment
2000,414,20,2023-04-23,No Response
2001,335,40,2023-04-20,Partial Payment
2002,186,15,2023-12-11,Success
2003,125,43,2023-12-06,Failure
2004,343,9,2023-10-12,Success
2005,328,26,2023-08-27,Partial Payment
2006,43,39,2023-02-12,Partial Payment
2007,9,36,2023-01-09,No Response
2008,447,26,2023-07-01,Failure
2009,124,50,2023-03-01,No Response
2010,331,18,2023-02-16,No Response
2011,256,23,2023-01-01,Partial Payment
2012,296,14,2023-10-09,Success
2013,373,26,2023-04-03,No Response
2014,460,33,2023-05-17,Partial Payment
2015,376,46,2023-08-15,No Response
2016,60,19,2023-02-13,Failure
2017,93,9,2023-06-23,Failure
2018,84,34,2023-09-13,Success
2019,430,36,2023-03-17,Partial Payment
2020,254,38,2023-11-13,Success
2021,11,13,2023-08-28,Failure
2022,429,26,2023-09-08,Success
2023,80,15,2023-01-17,Success
2024,485,3,2023-01-26,Partial Payment
2025,173,17,2023-07-18,Partial Payment
2026,156,15,2023-08-02,Partial Payment
2027,91,25,2023-04-06,No Response
2028,347,4,2023-09-28,No Response
2029,377,41,2023-01-18,Failure
2030,223,20,2023-06-16,Success
2031,18,5,2023-08-01,No Response
2032,484,7,2023-05-21,Partial Payment
2033,86,3,2023-01-19,Partial Payment
2034,460,16,2023-09-23,Failure
2035,190,19,2023-11-20,No Response
2036,265,17,2023-03-11,Success
2037,381,47,2023-03-24,Failure
2038,16,24,2023-11-03,Partial Payment
2039,193,22,2023-07-01,Partial Payment
2040,6,23,2023-03-24,Partial Payment
2041,491,18,2023-09-06,Success
2042,409,23,2023-10-16,Partial Payment
2043,133,6,2023-05-20,Partial Payment
2044,362,14,2023-01-08,Success
2045,174,21,2023-04-04,Failure
2046,258,29,2023-09-10,Success
2047,402,12,2023-03-25,Partial Payment
2048,436,12,2023-01-09,Failure
2049,305,43,2023-03-24,Failure
2050,56,13,2023-09-14,Failure
2051,425,7,2023-08-05,Partial Payment
2052,93,13,2023-07-12,Failure
2053,180,4,2023-08-15,No Response
2054,457,38,2023-06-12,No Response
2055,202,15,2023-08-24,Success
2056,143,34,2023-10-18,No Response
2057,2,11,2023-07-18,Success
2058,422,11,2023-03-19,Failure
2059,234,26,2023-11-18,Failure
2060,345,15,2023-04-03,Success
2061,44,5,2023-01-25,Success
2062,145,41,2023-03-24,Partial Payment
2063,488,46,2023-02-18,No Response
2064,440,16,2023-08-02,Partial Payment
2065,474,46,2023-06-18,Success
2066,203,34,2023-07-26,No Response
2067,201,15,2023-06-27,Partial Payment
2068,467,16,2023-02-18,Failure
2069,221,18,2023-10-26,Failure
2070,214,35,2023-03-12,Success
2071,244,38,2023-01-09,Partial Payment
2072,368,38,2023-01-02,No Response
2073,270,21,2023-09-20,Success
2074,270,12,2023-07-26,Success
2075,74,13,2023-04-10,Failure
2076,182,32,2023-09-08,Partial Payment
2077,102,21,2023-05-10,No Response
2078,150,10,2023-06-08,Failure
2079,124,46,2023-01-24,Failure
2080,259,22,2023-05-07,Partial Payment
2081,383,34,2023-02-12,Failure
2082,45,13,2023-09-12,Partial Payment
2083,334,2,2023-07-21,No Response
2084,319,26,2023-05-11,Failure
2085,25,20,2023-12-21,Partial Payment
2086,284,39,2023-03-04,Failure
2087,379,2,2023-09-02,Success
2088,44,28,2023-04-05,Partial Payment
2089,404,9,2023-03-01,Partial Payment
2090,156,36,2023-12-28,Failure
2091,190,50,2023-11-12,Failure
2092,287,34,2023-05-28,Failure
2093,342,22,2023-06-28,Partial Payment
2094,45,22,2023-10-24,Partial Payment
2095,259,28,2023-12-09,No Response
2096,324,25,2023-05-24,No Response
2097,401,30,2023-04-27,No Response
2098,256,50,2023-03-12,Success
2099,150,28,2023-09-13,No Response
2100,366,32,2023-12-21,Partial Payment
2101,396,25,2023-05-21,Partial Payment
2102,70,41,2023-11-03,Success
2103,201,25,2023-09-07,Partial Payment
2104,397,14,2023-10-09,Failure
2105,381,26,2023-12-27,Success
2106,215,18,2023-11-20,Failure
2107,481,13,2023-10-10,Success
2108,482,12,2023-05-08,Success
2109,86,13,2023-02-06,No Response
2110,55,28,2023-07-07,Success
2111,395,12,2023-07-01,Partial Payment
2112,221,30,2023-05-21,No Response
2113,215,2,2023-03-18,No Response
2114,39,17,2023-06-17,Success
2115,277,26,2023-04-26,Failure
2116,413,37,2023-05-19,No Response
2117,90,38,2023-01-07,Success
2118,452,13,2023-02-26,No Response
2119,259,2,2023-08-10,No Response
2120,298,24,2023-10-11,Partial Payment
2121,20,38,2023-03-04,Partial Payment
2122,337,24,2023-01-16,Failure
2123,251,9,2023-10-15,No Response
2124,390,9,2023-03-22,Failure
2125,431,26,2023-06-23,Success
2126,372,27,2023-03-16,Partial Payment
2127,442,38,2023-05-24,Success
2128,362,9,2023-07-21,Success
2129,26,18,2023-12-02,No Response
2130,41,22,2023-08-05,Failure
2131,395,45,2023-02-28,Success
2132,142,17,2023-06-12,No Response
2133,460,50,2023-06-06,Partial Payment
2134,457,20,2023-09-22,Success
2135,430,8,2023-11-13,Failure
2136,404,1,2023-01-09,Failure
2137,329,6,2023-06-11,Success
2138,226,14,2023-07-11,Success
2139,371,35,2023-10-01,Failure
2140,68,8,2023-08-17,Partial Payment
2141,247,41,2023-07-16,No Response
2142,239,3,2023-11-18,Partial Payment
2143,493,12,2023-06-14,Failure
2144,212,44,2023-09-01,No Response
2145,156,45,2023-12-26,Failure
2146,44,22,2023-02-25,Partial Payment
2147,367,46,2023-12-22,No Response
2148,283,12,2023-11-08,Failure
2149,77,7,2023-05-27,Partial Payment
2150,192,36,2023-01-22,Success
2151,335,23,2023-02-09,No Response
2152,119,22,2023-06-27,No Response
2153,257,50,2023-12-12,Partial Payment
2154,497,43,2023-12-22,Success
2155,283,30,2023-11-26,Failure
2156,95,9,2023-07-20,Failure
2157,244,24,2023-08-28,No Response
2158,63,26,2023-01-18,Partial Payment
2159,137,34,2023-03-25,Success
2160,17,14,2023-04-12,Success
2161,124,36,2023-12-24,No Response
2162,343,9,2023-12-02,No Response
2163,386,4,2023-09-24,Failure
2164,409,7,2023-05-19,No Response
2165,306,32,2023-10-04,Success
2166,167,27,2023-01-24,Failure
2167,339,3,2023-08-22,Success
2168,170,22,2023-05-22,No Response
2169,378,25,2023-12-24,Failure
2170,220,32,2023-03-07,Partial Payment
2171,318,12,2023-02-04,Success
2172,361,9,2023-11-12,Success
2173,9,21,2023-02-09,Failure
2174,491,35,2023-02-19,Partial Payment
2175,435,8,2023-06-20,Partial Payment
2176,419,17,2023-02-21,Success
2177,383,1,2023-07-26,Success
2178,257,39,2023-06-26,Failure
2179,148,41,2023-12-27,Failure
2180,83,34,2023-04-13,No Response
2181,163,19,2023-12-20,Failure
2182,343,15,2023-07-26,Success
2183,79,21,2023-11-06,Success
2184,103,19,2023-09-07,Success
2185,46,19,2023-10-26,Partial Payment
2186,216,25,2023-12-03,Partial Payment
2187,445,39,2023-07-06,No Response
2188,245,18,2023-10-05,Success
2189,289,25,2023-10-27,Success
2190,448,21,2023-11-13,Failure
2191,423,42,2023-01-07,Success
2192,359,6,2023-12-03,Success
2193,430,11,2023-07-09,No Response
2194,458,31,2023-06-11,Failure
2195,109,46,2023-12-03,Failure
2196,34,45,2023-06-21,No Response
2197,399,24,2023-03-11,No Response
2198,482,38,2023-12-18,Failure
2199,139,45,2023-10-20,Failure
2200,498,46,2023-11-26,Partial Payment
2201,100,46,2023-10-25,Failure
2202,287,32,2023-03-06,Success
2203,90,12,2023-11-02,Failure
2204,291,2,2023-02-05,No Response
2205,431,8,2023-01-04,No Response
2206,147,21,2023-11-12,Failure
2207,146,5,2023-10-22,Success
2208,147,29,2023-03-19,No Response
2209,301,6,2023-12-19,No Response
2210,18,9,2023-05-10,Failure
2211,249,49,2023-09-09,Failure
2212,385,43,2023-07-21,No Response
2213,10,19,2023-06-19,Partial Payment
2214,215,25,2023-06-06,Failure
2215,310,41,2023-08-02,Success
2216,317,4,2023-09-20,Success
2217,433,35,2023-02-14,Success
2218,300,21,2023-08-27,Failure
2219,466,28,2023-08-24,Success
2220,340,35,2023-11-27,Partial Payment
2221,426,8,2023-04-24,Partial Payment
2222,43,28,2023-01-03,No Response
2223,235,1,2023-05-20,No Response
2224,338,25,2023-01-14,Success
2225,141,47,2023-02-28,Partial Payment
2226,487,5,2023-06-04,Success
2227,362,15,2023-06-09,Partial Payment
2228,326,40,2023-01-18,Partial Payment
2229,34,16,2023-11-16,Success
2230,174,32,2023-01-04,No Response
2231,268,14,2023-04-10,No Response
2232,16,23,2023-11-07,No Response
2233,110,42,2023-09-02,Success
2234,161,18,2023-07-19,Failure
2235,319,2,2023-06-12,Partial Payment
2236,363,7,2023-09-27,Success
2237,194,20,2023-09-05,Failure
2238,419,35,2023-09-28,No Response
2239,416,29,2023-04-23,Partial Payment
2240,280,27,2023-10-10,Success
2241,49,29,2023-05-02,Success
2242,336,7,2023-01-10,Partial Payment
2243,383,20,2023-07-16,Success
2244,294,34,2023-11-17,Failure
2245,494,43,2023-12-16,No Response
2246,488,8,2023-10-17,Partial Payment
2247,111,35,2023-06-04,Partial Payment
2248,487,46,2023-06-15,No Response
2249,308,9,2023-08-10,Partial Payment
2250,4,42,2023-02-24,Success
2251,235,49,2023-08-14,Partial Payment
2252,48,2,2023-11-16,Success
2253,201,38,2023-12-20,Success
2254,423,26,2023-02-28,No Response
2255,324,8,2023-10-12,Partial Payment
2256,42,12,2023-11-19,Success
2257,375,18,2023-06-10,No Response
2258,464,42,2023-01-10,Success
2259,268,2,2023-02-04,Failure
2260,225,11,2023-03-11,No Response
2261,357,27,2023-08-26,Success
2262,494,23,2023-10-16,Failure
2263,125,7,2023-05-12,Partial Payment
2264,457,24,2023-08-20,Failure
2265,273,28,2023-06-20,No Response
2266,175,37,2023-12-06,Success
2267,402,25,2023-01-24,Partial Payment
2268,286,3,2023-07-25,Success
2269,76,35,2023-09-20,Partial Payment
2270,413,7,2023-08-01,Success
2271,192,22,2023-08-21,Partial Payment
2272,234,7,2023-04-04,Failure
2273,386,30,2023-01-15,Success
2274,260,3,2023-08-11,No Response
2275,209,10,2023-08-18,Partial Payment
2276,55,14,2023-02-21,No Response
2277,150,33,2023-02-20,Failure
2278,268,5,2023-10-05,No Response
2279,455,35,2023-11-23,No Response
2280,190,31,2023-11-12,No Response
2281,247,43,2023-03-27,Success
2282,349,24,2023-12-14,Partial Payment
2283,303,42,2023-04-12,Success
2284,164,25,2023-06-05,Success
2285,91,19,2023-10-10,Partial Payment
2286,363,3,2023-12-20,No Response
2287,418,27,2023-11-15,Partial Payment
2288,202,1,2023-03-06,Success
2289,232,43,2023-05-17,Success
2290,4,2,2023-07-05,Failure
2291,158,24,2023-08-11,Failure
2292,99,30,2023-05-17,Success
2293,19,45,2023-02-21,No Response
2294,332,6,2023-11-23,Failure
2295,480,10,2023-03-02,Success
2296,232,44,2023-11-20,No Response
2297,237,30,2023-06-21,No Response
2298,158,37,2023-11-18,No Response
2299,230,17,2023-07-20,Failure
2300,201,21,2023-06-13,Success
2301,234,19,2023-01-18,Success
2302,370,17,2023-05-15,Success
2303,291,18,2023-03-08,Partial Payment
2304,376,37,2023-10-04,No Response
2305,96,45,2023-11-18,No Response
2306,197,3,2023-05-02,Partial Payment
2307,428,24,2023-04-15,Success
2308,461,45,2023-04-18,Partial Payment
2309,1,31,2023-11-03,No Response
2310,80,17,2023-06-16,Failure
2311,290,33,2023-11-20,Partial Payment
2312,224,45,2023-04-28,Success
2313,312,42,2023-07-01,Partial Payment
2314,26,11,2023-09-19,No Response
2315,352,40,2023-11-18,No Response
2316,284,46,2023-02-12,Success
2317,146,37,2023-05-16,Partial Payment
2318,313,33,2023-02-26,Success
2319,389,5,2023-04-19,Failure
2320,71,5,2023-11-11,Success
2321,135,19,2023-04-12,Success
2322,393,18,2023-04-15,Success
2323,110,19,2023-06-23,Partial Payment
2324,102,9,2023-12-25,Success
2325,311,21,2023-10-10,No Response
2326,42,18,2023-01-19,Success
2327,455,39,2023-09-27,Partial Payment
2328,115,7,2023-07-22,Failure
2329,408,5,2023-08-15,Partial Payment
2330,449,17,2023-10-23,No Response
2331,334,35,2023-06-22,No Response
2332,92,44,2023-10-13,Success
2333,255,16,2023-07-04,Failure
2334,216,49,2023-11-17,No Response
2335,194,38,2023-10-28,Success
2336,226,2,2023-09-15,Partial Payment
2337,80,13,2023-06-15,Failure
2338,35,41,2023-02-20,Partial Payment
2339,414,32,2023-03-27,Success
2340,415,10,2023-07-05,Failure
2341,308,21,2023-05-14,Failure
2342,213,32,2023-10-15,No Response
2343,46,17,2023-11-16,Partial Payment
2344,355,42,2023-02-28,Failure
2345,113,27,2023-07-12,Failure
2346,232,3,2023-10-22,Partial Payment
2347,173,10,2023-03-11,Partial Payment
2348,473,48,2023-10-20,No Response
2349,132,46,2023-05-22,No Response
2350,19,8,2023-11-04,Success
2351,233,29,2023-07-21,Failure
2352,493,27,2023-05-24,No Response
2353,353,14,2023-07-26,Success
2354,4,32,2023-05-15,No Response
2355,145,2,2023-09-15,Failure
2356,282,17,2023-03-13,Failure
2357,250,9,2023-12-25,Success
2358,440,46,2023-08-19,No Response
2359,75,25,2023-06-16,Success
2360,205,33,2023-12-17,No Response
2361,25,12,2023-07-18,No Response
2362,468,46,2023-09-17,Success
2363,443,6,2023-06-16,Failure
2364,70,23,2023-08-15,No Response
2365,172,18,2023-09-19,Failure
2366,88,36,2023-10-13,Failure
2367,24,39,2023-07-13,No Response
2368,68,40,2023-11-23,Failure
2369,373,50,2023-11-16,Success
2370,383,49,2023-07-17,Failure
2371,10,44,2023-07-23,Success
2372,223,25,2023-03-02,Partial Payment
2373,259,16,2023-04-01,Failure
2374,111,25,2023-01-13,Partial Payment
2375,170,48,2023-09-17,Failure
2376,340,22,2023-09-21,Partial Payment
2377,435,49,2023-08-02,Partial Payment
2378,130,36,2023-08-05,No Response
2379,495,2,2023-10-23,Success
2380,179,50,2023-11-14,Success
2381,59,5,2023-11-27,Failure
2382,388,36,2023-11-28,Success
2383,72,23,2023-06-13,Failure
2384,216,48,2023-05-23,Failure
2385,9,49,2023-02-27,Partial Payment
2386,113,25,2023-02-17,Partial Payment
2387,126,3,2023-03-13,Failure
2388,342,25,2023-06-24,Failure
2389,218,19,2023-10-24,Success
2390,119,6,2023-07-26,No Response
2391,442,36,2023-05-22,Failure
2392,433,5,2023-11-20,Success
2393,162,47,2023-11-21,No Response
2394,169,15,2023-08-15,Success
2395,466,44,2023-01-10,Partial Payment
2396,335,45,2023-09-12,Failure
2397,425,46,2023-10-11,Failure
2398,209,48,2023-04-01,Partial Payment
2399,500,19,2023-01-20,Partial Payment
2400,229,39,2023-07-17,Partial Payment
2401,116,16,2023-11-18,Failure
2402,333,1,2023-07-15,Partial Payment
2403,97,27,2023-10-19,Partial Payment
2404,163,17,2023-04-22,Partial Payment
2405,282,49,2023-12-28,Success
2406,210,31,2023-12-19,Partial Payment
2407,210,39,2023-11-08,Failure
2408,303,47,2023-12-26,No Response
2409,43,48,2023-03-24,No Response
2410,488,19,2023-11-05,Success
2411,375,43,2023-06-24,Failure
2412,203,28,2023-04-07,Failure
2413,447,42,2023-09-02,Partial Payment
2414,437,37,2023-12-12,Success
2415,470,34,2023-01-15,Failure
2416,27,49,2023-03-05,No Response
2417,127,48,2023-10-18,Failure
2418,292,6,2023-04-26,Partial Payment
2419,77,36,2023-07-21,Failure
2420,245,14,2023-02-18,Failure
2421,31,50,2023-12-04,Partial Payment
2422,29,8,2023-08-18,Partial Payment
2423,69,2,2023-01-07,Partial Payment
2424,27,44,2023-01-12,Partial Payment
2425,377,42,2023-12-03,Success
2426,147,24,2023-04-16,Success
2427,153,36,2023-03-01,No Response
2428,316,4,2023-08-09,Success
2429,32,37,2023-06-09,Success
2430,483,46,2023-07-10,Failure
2431,308,36,2023-08-08,Failure
2432,390,47,2023-10-19,Success
2433,234,32,2023-11-10,Partial Payment
2434,283,35,2023-05-08,Partial Payment
2435,280,34,2023-06-08,Failure
2436,283,39,2023-03-05,No Response
2437,321,17,2023-07-24,Success
2438,474,15,2023-08-27,Failure
2439,347,25,2023-05-20,No Response
2440,295,2,2023-03-03,Failure
2441,285,46,2023-08-22,Partial Payment
2442,273,13,2023-03-14,Success
2443,6,22,2023-07-21,Failure
2444,440,46,2023-05-03,No Response
2445,191,1,2023-11-14,Partial Payment
2446,375,45,2023-08-18,Partial Payment
2447,206,34,2023-02-06,Success
2448,129,10,2023-12-04,Partial Payment
2449,209,37,2023-09-12,Success
2450,57,27,2023-02-23,Success
2451,414,14,2023-02-28,Partial Payment
2452,396,3,2023-01-04,Failure
2453,79,21,2023-07-15,Failure
2454,360,44,2023-08-10,Success
2455,36,40,2023-03-14,Partial Payment
2456,166,20,2023-06-23,Failure
2457,499,1,2023-08-09,Partial Payment
2458,120,36,2023-07-11,Failure
2459,495,15,2023-02-18,Failure
2460,15,43,2023-01-01,No Response
2461,223,39,2023-05-07,Success
2462,298,45,2023-09-28,No Response
2463,422,40,2023-11-18,Partial Payment
2464,262,49,2023-04-14,Failure
2465,305,42,2023-04-14,No Response
2466,139,5,2023-06-19,Success
2467,342,36,2023-09-27,Partial Payment
2468,141,11,2023-09-25,Partial Payment
2469,274,49,2023-11-27,Failure
2470,235,46,2023-03-06,Partial Payment
2471,368,9,2023-10-27,No Response
2472,474,35,2023-07-21,Failure
2473,280,14,2023-04-21,Success
2474,248,33,2023-04-17,Success
2475,36,17,2023-05-11,Success
2476,339,38,2023-10-05,Failure
2477,3,24,2023-03-10,Success
2478,115,11,2023-01-03,Success
2479,196,49,2023-10-22,Partial Payment
2480,110,42,2023-05-15,Failure
2481,236,43,2023-03-13,Failure
2482,289,9,2023-03-03,Partial Payment
2483,499,50,2023-05-21,No Response
2484,72,16,2023-08-04,Partial Payment
2485,414,36,2023-07-01,Partial Payment
2486,268,18,2023-12-06,Failure
2487,168,20,2023-10-05,Partial Payment
2488,63,18,2023-05-23,No Response
2489,444,8,2023-12-11,No Response
2490,406,9,2023-01-21,Success
2491,470,10,2023-09-10,Failure
2492,295,44,2023-11-13,Partial Payment
2493,172,25,2023-06-01,Success
2494,208,2,2023-02-24,Success
2495,458,43,2023-03-16,Failure
2496,129,48,2023-05-24,Success
2497,9,47,2023-01-01,Partial Payment
2498,141,34,2023-08-08,Success
2499,496,13,2023-06-16,Partial Payment
2500,104,45,2023-07-16,No Response
2501,15,38,2023-04-10,Partial Payment
2502,308,38,2023-04-18,Failure
2503,426,49,2023-01-03,Success
2504,383,6,2023-04-02,No Response
2505,495,22,2023-08-16,Partial Payment
2506,491,39,2023-02-02,No Response
2507,108,8,2023-08-18,Partial Payment
2508,336,18,2023-02-11,No Response
2509,450,45,2023-06-24,No Response
2510,206,3,2023-08-23,Success
2511,338,41,2023-06-14,No Response
2512,84,37,2023-03-25,Success
2513,285,41,2023-03-24,Failure
2514,286,12,2023-06-03,Success
2515,406,26,2023-01-26,Failure
2516,26,19,2023-01-10,Failure
2517,109,6,2023-07-23,Partial Payment
2518,229,17,2023-10-20,No Response
2519,363,23,2023-02-04,Partial Payment
2520,227,45,2023-02-07,Partial Payment
2521,158,50,2023-06-19,Partial Payment
2522,366,3,2023-01-04,Failure
2523,172,1,2023-09-03,Partial Payment
2524,430,21,2023-01-27,Failure
2525,173,31,2023-01-03,Failure
2526,239,34,2023-09-20,No Response
2527,24,17,2023-06-02,Success
2528,174,7,2023-07-11,No Response
2529,121,21,2023-02-24,Failure
2530,55,34,2023-10-01,Failure
2531,113,11,2023-06-07,Failure
2532,275,15,2023-06-11,Failure
2533,404,39,2023-11-05,Partial Payment
2534,135,49,2023-08-06,Failure
2535,344,20,2023-11-06,Failure
2536,92,46,2023-11-20,Success
2537,199,39,2023-10-25,Success
2538,439,47,2023-02-15,No Response
2539,284,13,2023-11-08,Partial Payment
2540,483,5,2023-05-01,No Response
2541,223,45,2023-04-07,Failure
2542,328,32,2023-01-01,No Response
2543,437,1,2023-08-12,No Response
2544,48,24,2023-05-01,Failure
2545,70,42,2023-04-28,Partial Payment
2546,32,28,2023-05-10,Success
2547,193,15,2023-07-07,Success
2548,291,13,2023-01-12,Partial Payment
2549,132,26,2023-09-01,No Response
2550,235,10,2023-01-26,Partial Payment
2551,143,30,2023-04-17,Partial Payment
2552,29,50,2023-05-12,Partial Payment
2553,216,4,2023-07-08,Failure
2554,110,46,2023-03-26,Partial Payment
2555,297,47,2023-11-18,No Response
2556,349,31,2023-02-25,Success
2557,131,38,2023-07-19,Partial Payment
2558,8,4,2023-10-21,Partial Payment
2559,194,14,2023-06-01,Partial Payment
2560,280,1,2023-03-22,Success
2561,419,17,2023-09-27,Partial Payment
2562,274,47,2023-02-02,Success
2563,500,2,2023-04-15,Partial Payment
2564,472,11,2023-04-22,No Response
2565,286,13,2023-04-14,Failure
2566,319,41,2023-05-18,Partial Payment
2567,203,23,2023-10-06,Partial Payment
2568,47,22,2023-01-18,Failure
2569,324,23,2023-12-25,Failure
2570,412,33,2023-08-26,No Response
2571,49,16,2023-05-04,Failure
2572,390,50,2023-02-18,Failure
2573,23,33,2023-07-18,Success
2574,364,45,2023-10-16,Success
2575,101,35,2023-07-16,No Response
2576,484,25,2023-04-14,Failure
2577,101,14,2023-01-12,No Response
2578,197,9,2023-06-03,Success
2579,116,14,2023-04-07,No Response
2580,340,48,2023-06-07,Failure
2581,377,20,2023-03-11,Failure
2582,132,39,2023-06-02,Failure
2583,460,9,2023-07-14,Partial Payment
2584,274,12,2023-04-06,No Response
2585,198,44,2023-07-02,Partial Payment
2586,228,3,2023-08-28,Success
2587,189,39,2023-01-13,Failure
2588,377,32,2023-05-19,No Response
2589,430,44,2023-10-28,Failure
2590,247,22,2023-05-22,Failure
2591,118,20,2023-12-28,Failure
2592,237,43,2023-04-19,No Response
2593,468,49,2023-10-21,Partial Payment
2594,53,27,2023-05-10,Failure
2595,331,50,2023-05-17,No Response
2596,208,43,2023-02-06,Success
2597,367,28,2023-09-04,No Response
2598,178,37,2023-03-24,Partial Payment
2599,35,48,2023-10-03,Partial Payment
2600,217,41,2023-05-16,Failure
2601,85,43,2023-11-27,Failure
2602,290,43,2023-12-09,Success
2603,192,20,2023-02-28,Failure
2604,442,37,2023-04-10,No Response
2605,106,9,2023-07-06,Failure
2606,479,49,2023-10-22,Success
2607,354,50,2023-07-18,Partial Payment
2608,148,9,2023-12-04,Success
2609,413,46,2023-11-14,Failure
2610,115,38,2023-05-11,No Response
2611,327,36,2023-09-05,Success
2612,356,30,2023-07-15,Partial Payment
2613,471,24,2023-01-02,No Response
2614,23,8,2023-04-17,No Response
2615,83,3,2023-08-10,Success
2616,178,36,2023-10-08,Partial Payment
2617,428,2,2023-11-11,Failure
2618,457,18,2023-06-12,Success
2619,319,48,2023-08-14,Partial Payment
2620,492,7,2023-08-27,Partial Payment
2621,463,15,2023-06-05,Success
2622,51,38,2023-04-19,Failure
2623,270,5,2023-09-05,Partial Payment
2624,53,39,2023-01-03,Success
2625,305,23,2023-09-03,Partial Payment
2626,380,50,2023-09-07,Success
2627,228,12,2023-03-01,Partial Payment
2628,90,16,2023-09-21,Success
2629,135,15,2023-03-13,Success
2630,192,45,2023-01-15,No Response
2631,123,21,2023-04-18,No Response
2632,49,41,2023-04-21,Success
2633,481,1,2023-06-09,Partial Payment
2634,91,21,2023-05-20,Failure
2635,491,45,2023-03-26,Failure
2636,116,49,2023-07-21,Failure
2637,478,5,2023-03-20,Partial Payment
2638,266,30,2023-06-23,Success
2639,132,37,2023-04-08,No Response
2640,356,30,2023-09-22,Success
2641,299,36,2023-03-13,Failure
2642,203,12,2023-10-21,Partial Payment
2643,77,17,2023-03-06,Partial Payment
2644,275,20,2023-02-19,Partial Payment
2645,458,16,2023-11-06,Failure
2646,436,2,2023-08-04,Partial Payment
2647,228,50,2023-04-11,Failure
2648,237,21,2023-09-18,Partial Payment
2649,393,18,2023-08-19,Success
2650,302,5,2023-10-21,No Response
2651,161,5,2023-09-28,Partial Payment
2652,187,8,2023-10-22,Partial Payment
2653,393,18,2023-11-03,No Response
2654,313,49,2023-02-21,Success
2655,137,26,2023-01-22,No Response
2656,466,3,2023-11-06,Success
2657,133,45,2023-04-22,No Response
2658,302,44,2023-05-05,Failure
2659,440,11,2023-10-08,Partial Payment
2660,458,15,2023-09-11,Partial Payment
2661,170,46,2023-08-03,No Response
2662,360,5,2023-01-01,No Response
2663,70,7,2023-04-08,No Response
2664,333,3,2023-12-09,Failure
2665,22,10,2023-06-25,Success
2666,398,23,2023-07-06,Failure
2667,26,16,2023-03-02,Partial Payment
2668,9,16,2023-05-19,Failure
2669,272,34,2023-12-06,Partial Payment
2670,171,38,2023-10-26,Success
2671,446,24,2023-10-26,No Response
2672,51,16,2023-02-05,Success
2673,416,37,2023-12-27,No Response
2674,319,9,2023-02-06,Partial Payment
2675,281,20,2023-08-10,Partial Payment
2676,438,37,2023-09-07,Failure
2677,319,21,2023-01-26,Success
2678,458,1,2023-11-16,No Response
2679,457,21,2023-10-21,Partial Payment
2680,214,47,2023-07-23,Success
2681,306,29,2023-02-09,Success
2682,63,17,2023-12-26,No Response
2683,330,12,2023-07-28,Failure
2684,396,45,2023-05-18,Success
2685,410,43,2023-03-11,Failure
2686,63,40,2023-11-03,Partial Payment
2687,327,45,2023-07-02,Failure
2688,495,32,2023-05-04,Failure
2689,108,23,2023-02-10,Failure
2690,279,50,2023-12-03,Success
2691,281,25,2023-10-27,Partial Payment
2692,290,42,2023-07-28,Partial Payment
2693,61,14,2023-02-12,No Response
2694,420,31,2023-02-28,Failure
2695,319,8,2023-03-28,Failure
2696,214,2,2023-10-08,Failure
2697,324,34,2023-08-07,Partial Payment
2698,464,6,2023-12-26,Success
2699,383,13,2023-02-25,Partial Payment
2700,168,28,2023-03-06,Partial Payment
2701,58,35,2023-02-11,Failure
2702,474,34,2023-03-06,Success
2703,403,45,2023-12-11,No Response
2704,285,5,2023-02-05,Success
2705,9,19,2023-05-14,Failure
2706,322,31,2023-10-21,Failure
2707,188,19,2023-02-19,No Response
2708,162,14,2023-11-07,No Response
2709,275,18,2023-11-27,Partial Payment
2710,48,23,2023-11-19,Partial Payment
2711,399,38,2023-07-23,No Response
2712,466,23,2023-11-08,Partial Payment
2713,218,39,2023-01-08,Failure
2714,208,42,2023-12-02,Partial Payment
2715,330,37,2023-10-24,Failure
2716,408,7,2023-02-06,Success
2717,96,50,2023-07-08,Success
2718,266,36,2023-06-02,Partial Payment
2719,61,49,2023-12-16,Success
2720,50,14,2023-08-14,Failure
2721,259,27,2023-10-22,Partial Payment
2722,334,48,2023-01-09,Partial Payment
2723,472,34,2023-10-24,No Response
2724,473,23,2023-03-06,Success
2725,440,17,2023-12-10,Partial Payment
2726,74,41,2023-06-14,No Response
2727,25,21,2023-07-11,Success
2728,354,16,2023-11-15,Success
2729,341,37,2023-02-28,Partial Payment
2730,394,48,2023-10-09,Success
2731,282,48,2023-05-16,Partial Payment
2732,52,41,2023-05-08,Failure
2733,170,37,2023-01-07,Success
2734,5,4,2023-10-11,Failure
2735,267,22,2023-07-26,Success
2736,63,29,2023-11-15,Failure
2737,77,10,2023-10-17,Success
2738,13,41,2023-12-21,Partial Payment
2739,478,5,2023-05-28,No Response
2740,296,18,2023-08-25,Success
2741,3,20,2023-03-27,Partial Payment
2742,249,30,2023-11-07,No Response
2743,121,3,2023-09-28,Failure
2744,184,9,2023-11-07,Success
2745,339,19,2023-11-03,Success
2746,372,26,2023-05-06,Partial Payment
2747,468,6,2023-09-09,Success
2748,333,40,2023-05-02,No Response
2749,194,25,2023-12-17,Success
2750,289,29,2023-09-23,Failure
2751,202,6,2023-11-06,Success
2752,184,12,2023-01-13,Success
2753,132,17,2023-03-26,Failure
2754,22,37,2023-02-25,Partial Payment
2755,268,36,2023-07-08,Failure
2756,73,20,2023-09-04,No Response
2757,365,15,2023-07-15,Success
2758,94,16,2023-11-11,Failure
2759,436,6,2023-06-16,Partial Payment
2760,297,19,2023-11-05,No Response
2761,412,23,2023-03-03,Partial Payment
2762,184,39,2023-09-19,Partial Payment
2763,194,24,2023-06-08,Success
2764,101,12,2023-08-22,Failure
2765,285,6,2023-11-23,No Response
2766,361,35,2023-11-27,No Response
2767,438,13,2023-12-11,Failure
2768,437,25,2023-12-19,Success
2769,136,7,2023-06-01,Partial Payment
2770,70,25,2023-06-25,Failure
2771,4,24,2023-09-21,No Response
2772,90,2,2023-12-28,Partial Payment
2773,480,48,2023-11-13,No Response
2774,394,8,2023-10-04,Success
2775,32,16,2023-03-02,Failure
2776,317,9,2023-02-21,Failure
2777,355,15,2023-06-13,No Response
2778,12,6,2023-11-19,No Response
2779,391,22,2023-07-17,Success
2780,460,46,2023-09-05,Success
2781,278,14,2023-05-15,Failure
2782,495,34,2023-11-26,Success
2783,86,38,2023-02-12,Success
2784,272,34,2023-04-25,Partial Payment
2785,388,7,2023-04-27,No Response
2786,14,7,2023-07-06,Failure
2787,153,29,2023-12-12,Success
2788,336,37,2023-04-16,Success
2789,411,49,2023-08-27,Failure
2790,33,17,2023-12-23,Failure
2791,62,15,2023-10-22,Success
2792,4,4,2023-09-18,Success
2793,272,8,2023-04-05,Partial Payment
2794,363,1,2023-10-11,Failure
2795,226,9,2023-09-20,Partial Payment
2796,10,5,2023-08-13,Partial Payment
2797,450,17,2023-12-04,Partial Payment
2798,334,8,2023-03-24,Partial Payment
2799,267,25,2023-08-20,Success
2800,52,30,2023-08-22,Success
2801,200,16,2023-10-28,Partial Payment
2802,22,43,2023-09-15,Success
2803,274,36,2023-12-02,Partial Payment
2804,266,29,2023-06-19,Success
2805,16,38,2023-05-23,Success
2806,400,42,2023-05-22,Partial Payment
2807,351,38,2023-04-21,Success
2808,274,47,2023-04-25,Failure
2809,72,38,2023-12-02,Partial Payment
2810,380,45,2023-03-03,Success
2811,409,29,2023-01-27,Partial Payment
2812,223,17,2023-08-09,Partial Payment
2813,231,13,2023-05-05,Failure
2814,433,32,2023-12-01,Failure
2815,359,44,2023-05-19,Partial Payment
2816,285,19,2023-04-18,Failure
2817,423,20,2023-11-07,No Response
2818,443,7,2023-03-18,Success
2819,440,34,2023-03-27,Success
2820,212,29,2023-06-17,No Response
2821,108,45,2023-05-23,No Response
2822,203,18,2023-03-13,No Response
2823,411,26,2023-04-27,Partial Payment
2824,436,38,2023-01-09,Partial Payment
2825,400,46,2023-03-27,Failure
2826,495,21,2023-10-23,Partial Payment
2827,283,49,2023-06-05,Success
2828,413,46,2023-10-08,Failure
2829,111,2,2023-01-10,Success
2830,40,46,2023-06-04,Partial Payment
2831,383,5,2023-12-20,Partial Payment
2832,40,14,2023-10-15,Failure
2833,470,11,2023-06-11,Failure
2834,231,8,2023-01-06,Success
2835,407,35,2023-08-03,Success
2836,125,34,2023-09-12,Failure
2837,218,9,2023-10-06,Success
2838,434,2,2023-08-03,Partial Payment
2839,409,11,2023-11-04,No Response
2840,213,31,2023-06-02,No Response
2841,158,36,2023-09-05,No Response
2842,57,20,2023-08-18,Failure
2843,28,36,2023-06-07,Failure
2844,251,16,2023-04-03,Success
2845,174,18,2023-03-21,No Response
2846,459,28,2023-06-26,Success
2847,433,27,2023-02-26,Failure
2848,485,39,2023-11-11,No Response
2849,362,17,2023-04-02,Partial Payment
2850,460,49,2023-12-19,Partial Payment
2851,411,22,2023-01-05,Success
2852,241,24,2023-08-17,No Response
2853,330,22,2023-04-09,No Response
2854,6,15,2023-09-21,Partial Payment
2855,476,27,2023-07-01,Partial Payment
2856,131,19,2023-12-01,Failure
2857,70,1,2023-10-16,No Response
2858,203,36,2023-02-12,No Response
2859,204,41,2023-10-26,Failure
2860,201,43,2023-04-02,Partial Payment
2861,75,7,2023-04-15,Partial Payment
2862,189,22,2023-02-05,No Response
2863,232,26,2023-08-27,Partial Payment
2864,307,6,2023-02-08,No Response
2865,272,33,2023-12-17,Partial Payment
2866,491,20,2023-07-25,No Response
2867,302,29,2023-08-16,Partial Payment
2868,458,8,2023-11-06,Partial Payment
2869,96,6,2023-07-11,Failure
2870,322,38,2023-06-12,Success
2871,226,6,2023-09-15,Failure
2872,86,28,2023-11-03,Partial Payment
2873,322,4,2023-05-12,Partial Payment
2874,81,20,2023-01-22,Failure
2875,334,14,2023-05-08,No Response
2876,182,17,2023-12-04,No Response
2877,271,31,2023-05-01,No Response
2878,345,42,2023-08-04,Success
2879,123,44,2023-04-15,Partial Payment
2880,495,13,2023-09-03,Success
2881,131,23,2023-07-27,Success
2882,258,49,2023-08-10,Failure
2883,143,23,2023-12-18,Partial Payment
2884,305,19,2023-05-06,No Response
2885,452,1,2023-04-17,No Response
2886,122,47,2023-01-23,Partial Payment
2887,59,2,2023-08-25,Partial Payment
2888,368,7,2023-10-14,Partial Payment
2889,306,33,2023-07-20,Partial Payment
2890,153,3,2023-02-15,Partial Payment
2891,251,9,2023-03-10,Failure
2892,27,38,2023-10-25,Success
2893,419,22,2023-09-11,Partial Payment
2894,103,50,2023-09-14,Success
2895,257,45,2023-06-18,Failure
2896,5,25,2023-11-11,Success
2897,409,11,2023-02-28,Success
2898,294,41,2023-07-15,Failure
2899,247,44,2023-01-16,Partial Payment
2900,179,10,2023-04-23,Failure
2901,478,11,2023-09-21,Partial Payment
2902,343,29,2023-09-20,Success
2903,149,27,2023-04-17,Failure
2904,287,10,2023-08-03,No Response
2905,201,19,2023-07-26,No Response
2906,357,10,2023-04-09,No Response
2907,284,38,2023-08-02,No Response
2908,329,8,2023-09-13,Failure
2909,419,3,2023-12-15,No Response
2910,403,14,2023-06-23,Success
2911,481,18,2023-12-25,Success
2912,353,2,2023-04-01,Success
2913,18,30,2023-05-21,No Response
2914,441,34,2023-08-08,Partial Payment
2915,328,7,2023-12-15,Partial Payment
2916,192,2,2023-05-09,Success
2917,322,24,2023-11-04,No Response
2918,360,50,2023-07-13,No Response
2919,367,47,2023-08-11,No Response
2920,346,20,2023-06-18,Failure
2921,347,22,2023-07-23,Failure
2922,88,6,2023-11-21,Success
2923,397,1,2023-08-25,Success
2924,20,36,2023-02-21,Partial Payment
2925,66,48,2023-07-21,Failure
2926,298,44,2023-05-08,No Response
2927,185,33,2023-03-04,Success
2928,339,41,2023-09-09,Success
2929,310,45,2023-05-15,Success
2930,261,3,2023-11-16,No Response
2931,163,6,2023-03-01,Success
2932,497,11,2023-08-19,Success
2933,75,7,2023-06-13,Partial Payment
2934,96,11,2023-11-26,Success
2935,62,18,2023-06-10,Success
2936,127,20,2023-11-05,Partial Payment
2937,353,46,2023-04-26,Failure
2938,334,1,2023-06-10,Partial Payment
2939,212,47,2023-03-13,Partial Payment
2940,414,37,2023-11-17,Failure
2941,332,3,2023-04-08,Success
2942,368,11,2023-10-04,Partial Payment
2943,431,43,2023-04-15,Partial Payment
2944,363,2,2023-03-17,Success
2945,457,10,2023-09-08,Success
2946,127,25,2023-10-22,No Response
2947,333,19,2023-09-06,Partial Payment
2948,250,12,2023-02-24,Success
2949,496,17,2023-04-11,Success
2950,37,12,2023-01-21,Success
2951,7,6,2023-08-23,Failure
2952,40,36,2023-07-03,No Response
2953,225,44,2023-02-11,Partial Payment
2954,209,15,2023-04-21,Failure
2955,468,44,2023-07-25,No Response
2956,50,41,2023-03-25,Success
2957,444,25,2023-07-19,No Response
2958,498,40,2023-10-02,No Response
2959,74,45,2023-07-09,No Response
2960,413,43,2023-03-15,Failure
2961,71,31,2023-10-01,Partial Payment
2962,419,28,2023-12-22,No Response
2963,120,20,2023-10-12,Failure
2964,36,8,2023-12-01,No Response
2965,215,26,2023-10-24,Partial Payment
2966,204,2,2023-08-12,Partial Payment
2967,277,29,2023-08-18,Failure
2968,490,18,2023-08-11,Partial Payment
2969,95,2,2023-05-11,Success
2970,43,23,2023-02-06,Partial Payment
2971,11,25,2023-06-10,Failure
2972,459,5,2023-02-12,Success
2973,14,11,2023-04-13,Success
2974,478,41,2023-03-20,Partial Payment
2975,488,10,2023-11-05,Partial Payment
2976,434,34,2023-04-22,Partial Payment
2977,228,50,2023-01-21,Success
2978,56,49,2023-09-06,Partial Payment
2979,15,2,2023-02-02,No Response
2980,18,44,2023-01-13,Success
2981,456,15,2023-02-10,Failure
2982,321,26,2023-03-12,Partial Payment
2983,200,43,2023-12-22,Success
2984,327,31,2023-06-17,No Response
2985,404,39,2023-08-03,Failure
2986,252,48,2023-01-08,Partial Payment
2987,198,48,2023-03-17,No Response
2988,494,29,2023-07-28,Success
2989,61,44,2023-10-22,Success
2990,483,15,2023-12-14,No Response
2991,128,30,2023-12-21,No Response
2992,365,1,2023-08-05,Partial Payment
2993,100,10,2023-06-26,Failure
2994,190,9,2023-12-17,Failure
2995,46,44,2023-08-15,Partial Payment
2996,9,9,2023-07-27,No Response
2997,167,13,2023-03-15,Failure
2998,194,5,2023-11-13,No Response
2999,436,21,2023-06-27,Partial Payment
3000,419,48,2023-08-22,Partial Payment
