payment_id,debtor_id,payment_date,amount_paid
1,219,2023-11-09,625
2,341,2023-10-16,211
3,235,2023-05-25,2821
4,169,2023-12-28,783
5,358,2023-03-08,3249
6,231,2023-01-27,2174
7,488,2023-08-07,1889
8,140,2023-10-21,2234
9,145,2023-03-19,1298
10,306,2023-03-15,4876
11,3,2023-09-21,3603
12,90,2023-09-14,4478
13,284,2023-10-21,174
14,313,2023-10-10,1323
15,114,2023-10-23,569
16,181,2023-03-25,3331
17,50,2023-05-12,2275
18,5,2023-07-22,684
19,306,2023-01-10,2549
20,467,2023-05-23,348
21,3,2023-07-23,2564
22,104,2023-05-17,4858
23,75,2023-08-07,1425
24,123,2023-05-26,3214
25,459,2023-04-17,1443
26,99,2023-01-14,1101
27,277,2023-08-10,3649
28,40,2023-07-01,4076
29,453,2023-12-23,3718
30,208,2023-10-08,1766
31,36,2023-07-04,1900
32,401,2023-06-01,3702
33,204,2023-01-28,4278
34,159,2023-05-04,1856
35,474,2023-08-28,1998
36,282,2023-04-07,2850
37,133,2023-01-02,204
38,71,2023-10-17,361
39,255,2023-03-21,138
40,332,2023-04-25,931
41,98,2023-11-08,4496
42,482,2023-02-22,1544
43,422,2023-12-11,3270
44,401,2023-02-11,883
45,21,2023-05-12,3336
46,471,2023-01-25,788
47,40,2023-05-05,4859
48,127,2023-11-09,3529
49,451,2023-09-22,713
50,201,2023-11-17,4600
51,50,2023-03-27,2535
52,55,2023-10-28,741
53,55,2023-08-01,2455
54,410,2023-10-05,433
55,348,2023-04-12,837
56,63,2023-01-09,3462
57,274,2023-02-04,808
58,365,2023-08-22,1736
59,273,2023-07-17,4105
60,348,2023-02-03,3336
61,331,2023-07-02,4731
62,243,2023-10-02,2134
63,16,2023-12-03,215
64,458,2023-02-07,1827
65,291,2023-03-19,777
66,29,2023-10-16,2696
67,92,2023-01-03,1236
68,294,2023-07-26,4995
69,370,2023-03-10,2984
70,269,2023-02-19,1706
71,80,2023-07-14,1102
72,157,2023-07-21,4931
73,458,2023-09-09,241
74,461,2023-11-23,4425
75,317,2023-09-25,351
76,303,2023-03-09,1084
77,112,2023-11-28,905
78,379,2023-06-12,2039
79,342,2023-12-13,4189
80,145,2023-09-24,171
81,338,2023-06-28,3998
82,449,2023-01-27,4808
83,424,2023-02-19,4426
84,478,2023-05-28,1754
85,292,2023-09-11,505
86,245,2023-04-05,2644
87,291,2023-04-04,2392
88,14,2023-08-08,1275
89,78,2023-03-20,3077
90,478,2023-09-27,4775
91,3,2023-04-07,3578
92,59,2023-09-22,2498
93,62,2023-09-09,1737
94,476,2023-02-06,4354
95,331,2023-11-02,4800
96,192,2023-12-21,756
97,223,2023-08-01,2489
98,239,2023-06-13,713
99,405,2023-03-05,393
100,228,2023-08-20,2033
101,153,2023-08-17,2812
102,238,2023-07-26,892
103,124,2023-08-23,156
104,186,2023-01-20,715
105,418,2023-06-02,1460
106,111,2023-12-21,329
107,446,2023-07-06,1094
108,277,2023-07-04,3435
109,99,2023-06-05,1220
110,103,2023-09-06,3201
111,79,2023-11-12,223
112,410,2023-05-23,3319
113,354,2023-03-24,301
114,164,2023-04-20,2109
115,28,2023-09-03,3899
116,66,2023-09-27,3418
117,110,2023-11-28,3218
118,452,2023-03-22,628
119,404,2023-10-17,4997
120,280,2023-08-18,2888
121,485,2023-06-25,2356
122,492,2023-05-18,379
123,136,2023-03-11,3685
124,113,2023-03-17,603
125,363,2023-03-19,1051
126,28,2023-07-16,1126
127,70,2023-12-08,1414
128,63,2023-08-19,2482
129,398,2023-06-28,4625
130,391,2023-07-23,3716
131,88,2023-06-16,2851
132,294,2023-12-09,1879
133,244,2023-09-05,2556
134,264,2023-03-26,4922
135,298,2023-09-27,3222
136,20,2023-03-21,1223
137,365,2023-03-10,3830
138,98,2023-03-07,3714
139,137,2023-10-17,1155
140,386,2023-12-01,3245
141,490,2023-01-22,3889
142,369,2023-07-14,3674
143,464,2023-09-08,429
144,386,2023-10-04,1521
145,132,2023-11-01,4615
146,457,2023-06-06,2289
147,409,2023-01-22,4366
148,339,2023-01-11,4731
149,441,2023-10-20,2648
150,358,2023-03-10,1443
151,301,2023-03-20,2854
152,150,2023-04-14,800
153,93,2023-04-07,4860
154,237,2023-04-01,4938
155,51,2023-01-17,338
156,70,2023-02-27,4717
157,6,2023-10-11,921
158,489,2023-12-04,4925
159,154,2023-05-01,3321
160,475,2023-05-25,2692
161,371,2023-12-13,1402
162,332,2023-01-03,965
163,50,2023-02-13,3867
164,148,2023-04-15,3121
165,339,2023-12-26,1955
166,96,2023-08-14,2143
167,348,2023-06-07,2540
168,426,2023-07-17,1040
169,481,2023-06-08,4467
170,255,2023-05-14,2479
171,99,2023-05-04,4503
172,10,2023-12-25,4536
173,93,2023-05-27,2558
174,288,2023-10-14,1888
175,381,2023-12-11,4801
176,79,2023-08-10,3536
177,468,2023-04-03,2727
178,341,2023-11-13,2726
179,306,2023-04-24,4728
180,298,2023-09-27,3849
181,445,2023-06-01,299
182,151,2023-04-20,2240
183,19,2023-01-05,1631
184,165,2023-03-04,983
185,29,2023-03-06,1917
186,169,2023-07-10,3946
187,129,2023-07-15,3613
188,42,2023-11-01,4474
189,146,2023-09-27,4568
190,308,2023-08-22,4973
191,347,2023-09-07,1111
192,43,2023-08-17,3568
193,349,2023-07-24,4680
194,480,2023-05-27,2095
195,277,2023-11-16,1065
196,147,2023-03-27,4672
197,213,2023-07-01,4710
198,119,2023-08-08,1475
199,295,2023-08-04,1359
200,190,2023-07-16,3653
201,77,2023-06-18,1067
202,486,2023-07-06,649
203,67,2023-12-05,2134
204,309,2023-12-26,258
205,403,2023-05-24,2823
206,164,2023-06-18,2716
207,430,2023-04-24,3496
208,470,2023-04-26,2902
209,66,2023-03-23,4079
210,43,2023-04-14,334
211,85,2023-07-13,3717
212,337,2023-02-11,4906
213,17,2023-02-22,1096
214,320,2023-08-21,4284
215,193,2023-11-14,563
216,38,2023-11-06,698
217,104,2023-06-08,2639
218,463,2023-07-26,3737
219,321,2023-10-24,1141
220,111,2023-06-03,2968
221,143,2023-10-25,568
222,198,2023-12-26,820
223,442,2023-09-16,4872
224,389,2023-03-25,160
225,186,2023-04-09,4275
226,404,2023-11-12,866
227,245,2023-07-06,2144
228,53,2023-05-09,1873
229,38,2023-07-26,845
230,273,2023-04-09,1047
231,465,2023-07-18,3805
232,175,2023-09-22,1101
233,361,2023-09-09,2327
234,145,2023-12-15,4627
235,411,2023-11-16,419
236,95,2023-11-03,669
237,348,2023-08-18,4342
238,453,2023-09-20,4348
239,213,2023-05-08,4699
240,193,2023-11-28,4096
241,22,2023-12-12,1776
242,365,2023-01-23,3834
243,267,2023-05-21,3203
244,415,2023-03-03,1010
245,313,2023-01-12,3195
246,160,2023-10-22,4871
247,292,2023-05-11,840
248,291,2023-12-13,1777
249,397,2023-01-09,2681
250,67,2023-02-19,2370
251,216,2023-02-09,3516
252,145,2023-09-04,2515
253,48,2023-03-17,4470
254,440,2023-07-27,249
255,463,2023-02-03,1658
256,175,2023-12-08,1510
257,433,2023-02-16,4974
258,272,2023-12-28,1977
259,464,2023-04-10,4629
260,246,2023-12-26,4609
261,218,2023-05-03,3231
262,194,2023-12-03,244
263,235,2023-12-08,4813
264,186,2023-11-06,3981
265,460,2023-10-05,1542
266,287,2023-01-01,886
267,304,2023-06-23,1686
268,148,2023-10-15,4194
269,489,2023-07-13,291
270,366,2023-01-12,4686
271,287,2023-03-14,4990
272,158,2023-03-21,4203
273,367,2023-10-19,1578
274,311,2023-09-10,2045
275,276,2023-08-21,3401
276,20,2023-10-09,2553
277,46,2023-04-09,2145
278,399,2023-06-12,2635
279,221,2023-12-03,1470
280,173,2023-07-22,4648
281,391,2023-04-11,566
282,305,2023-06-24,411
283,70,2023-10-19,2098
284,363,2023-12-16,1618
285,478,2023-04-26,2400
286,385,2023-06-19,4747
287,185,2023-04-08,1337
288,80,2023-03-14,2241
289,259,2023-04-10,3057
290,430,2023-09-07,1963
291,253,2023-12-13,1190
292,261,2023-04-07,3884
293,38,2023-01-27,4787
294,486,2023-05-12,3527
295,314,2023-02-16,1158
296,423,2023-12-26,2832
297,287,2023-06-11,1684
298,278,2023-05-09,3017
299,74,2023-07-03,851
300,6,2023-12-10,530
301,423,2023-06-12,3634
302,41,2023-01-08,1628
303,442,2023-11-01,352
304,76,2023-08-10,4029
305,491,2023-02-14,3624
306,434,2023-03-23,3324
307,34,2023-02-12,1574
308,359,2023-07-20,4003
309,254,2023-07-17,1719
310,276,2023-04-26,3176
311,90,2023-03-15,1639
312,470,2023-09-04,3751
313,238,2023-02-01,3807
314,295,2023-09-14,2456
315,26,2023-11-04,2298
316,197,2023-07-04,1524
317,443,2023-03-03,1341
318,355,2023-04-17,2879
319,119,2023-10-06,572
320,99,2023-10-12,4716
321,6,2023-11-27,2493
322,402,2023-07-13,1751
323,32,2023-07-24,3154
324,277,2023-11-15,1116
325,271,2023-10-12,1801
326,129,2023-11-21,4516
327,172,2023-06-26,2780
328,87,2023-07-09,3744
329,15,2023-10-02,4376
330,77,2023-02-05,1526
331,404,2023-03-10,1272
332,411,2023-09-15,4807
333,216,2023-05-14,4208
334,210,2023-07-21,972
335,496,2023-11-14,2718
336,169,2023-08-01,2458
337,459,2023-07-04,1198
338,152,2023-03-21,631
339,32,2023-03-20,3822
340,90,2023-01-24,4387
341,177,2023-08-05,2412
342,153,2023-12-09,3977
343,186,2023-02-11,4837
344,337,2023-12-06,376
345,27,2023-03-25,3717
346,156,2023-02-25,1778
347,113,2023-09-10,2162
348,362,2023-08-01,2546
349,389,2023-01-19,1280
350,342,2023-04-24,4207
351,30,2023-08-26,4252
352,145,2023-02-02,1504
353,393,2023-03-04,4656
354,344,2023-02-04,1272
355,70,2023-12-13,170
356,137,2023-09-19,4150
357,53,2023-11-14,3394
358,215,2023-05-23,529
359,63,2023-06-23,4642
360,43,2023-01-04,2047
361,396,2023-03-18,3701
362,475,2023-03-12,392
363,401,2023-08-23,2905
364,19,2023-01-15,3631
365,368,2023-10-17,3961
366,265,2023-08-22,3625
367,152,2023-06-03,2454
368,255,2023-04-14,3001
369,35,2023-02-02,2652
370,433,2023-11-17,4938
371,421,2023-06-15,4444
372,287,2023-12-19,1764
373,369,2023-09-03,3874
374,151,2023-08-20,4708
375,354,2023-09-24,2603
376,434,2023-03-07,3787
377,240,2023-02-26,1709
378,374,2023-09-10,1862
379,360,2023-05-05,1129
380,408,2023-12-11,2778
381,284,2023-11-06,1449
382,441,2023-07-23,989
383,28,2023-05-11,3643
384,30,2023-04-08,727
385,323,2023-07-27,885
386,495,2023-06-06,3097
387,397,2023-10-13,3499
388,188,2023-01-17,2896
389,158,2023-02-12,175
390,12,2023-09-25,62
391,260,2023-11-05,3852
392,324,2023-09-24,2661
393,334,2023-09-21,2044
394,274,2023-03-11,2140
395,44,2023-01-24,986
396,206,2023-11-08,2652
397,66,2023-05-17,4480
398,485,2023-06-21,463
399,379,2023-01-12,330
400,382,2023-01-25,4687
401,12,2023-12-17,3825
402,338,2023-08-23,901
403,150,2023-06-18,1205
404,461,2023-10-02,4380
405,110,2023-10-19,3230
406,138,2023-06-10,2752
407,322,2023-04-15,2184
408,134,2023-09-02,871
409,357,2023-05-22,4320
410,344,2023-11-28,3148
411,273,2023-12-03,2687
412,359,2023-06-17,477
413,418,2023-01-11,2993
414,161,2023-04-11,178
415,11,2023-02-26,1741
416,282,2023-07-26,344
417,221,2023-09-27,322
418,16,2023-08-18,3944
419,308,2023-09-01,299
420,259,2023-05-14,674
421,415,2023-04-23,2117
422,203,2023-11-17,2584
423,290,2023-10-05,2538
424,328,2023-01-07,2765
425,194,2023-06-18,2211
426,104,2023-01-21,434
427,242,2023-04-17,4673
428,327,2023-06-19,3875
429,17,2023-11-14,883
430,6,2023-12-15,1107
431,97,2023-06-11,3122
432,316,2023-09-25,2076
433,134,2023-01-01,4270
434,420,2023-05-26,1350
435,229,2023-12-19,354
436,182,2023-05-11,2265
437,17,2023-08-14,892
438,455,2023-09-02,774
439,303,2023-07-07,1483
440,360,2023-11-03,4295
441,286,2023-09-28,244
442,70,2023-11-26,2594
443,194,2023-07-02,3397
444,346,2023-02-08,1244
445,174,2023-09-02,724
446,146,2023-03-13,1164
447,209,2023-03-22,2480
448,461,2023-06-07,3720
449,371,2023-10-28,4921
450,110,2023-08-25,4434
451,455,2023-02-01,2667
452,174,2023-03-20,1860
453,89,2023-09-23,2438
454,161,2023-07-13,2481
455,395,2023-12-18,3516
456,493,2023-02-21,4340
457,64,2023-02-23,1980
458,154,2023-04-02,4942
459,51,2023-12-10,641
460,1,2023-09-28,3730
461,369,2023-02-04,200
462,292,2023-03-26,2190
463,126,2023-07-26,3917
464,330,2023-10-03,1577
465,24,2023-02-03,1127
466,487,2023-08-05,2281
467,58,2023-07-09,2594
468,28,2023-11-08,4061
469,136,2023-02-03,1153
470,129,2023-03-12,68
471,369,2023-12-20,285
472,298,2023-02-18,2813
473,400,2023-01-16,4003
474,434,2023-07-04,198
475,197,2023-05-26,1929
476,496,2023-11-17,1064
477,358,2023-05-20,2248
478,425,2023-07-12,2658
479,453,2023-11-03,4268
480,184,2023-02-08,972
481,198,2023-06-26,907
482,451,2023-11-11,1898
483,305,2023-04-16,4729
484,338,2023-07-12,359
485,337,2023-12-04,1375
486,314,2023-08-09,776
487,442,2023-03-20,416
488,397,2023-10-25,3010
489,77,2023-12-02,1985
490,25,2023-08-28,3019
491,404,2023-11-20,116
492,152,2023-03-13,4103
493,436,2023-03-18,2037
494,195,2023-06-17,4897
495,330,2023-04-09,4798
496,494,2023-07-24,4178
497,221,2023-12-15,3866
498,344,2023-01-14,286
499,110,2023-04-21,2351
500,169,2023-05-04,1187
501,471,2023-09-06,170
502,6,2023-03-01,4954
503,14,2023-08-25,3622
504,85,2023-11-14,1378
505,199,2023-09-08,1778
506,257,2023-02-22,1918
507,150,2023-04-15,3959
508,368,2023-02-26,118
509,30,2023-10-11,4537
510,498,2023-03-07,3053
511,467,2023-09-08,4506
512,257,2023-07-24,2532
513,239,2023-12-01,902
514,151,2023-08-10,2177
515,372,2023-07-26,3726
516,386,2023-02-28,4790
517,165,2023-05-02,1687
518,254,2023-03-05,688
519,445,2023-02-09,1664
520,198,2023-09-10,1842
521,69,2023-11-05,3749
522,449,2023-07-01,2714
523,173,2023-09-07,915
524,456,2023-10-04,4374
525,363,2023-07-05,4296
526,14,2023-01-02,4938
527,63,2023-11-28,1295
528,30,2023-02-18,4040
529,406,2023-01-06,4195
530,295,2023-01-04,3070
531,189,2023-03-01,3788
532,459,2023-11-10,3142
533,133,2023-09-07,1572
534,156,2023-07-11,2014
535,386,2023-02-24,4222
536,396,2023-10-15,4553
537,17,2023-12-25,1865
538,127,2023-03-14,4866
539,343,2023-11-09,603
540,139,2023-11-19,4110
541,150,2023-12-21,4613
542,170,2023-04-19,1806
543,167,2023-04-02,835
544,202,2023-05-02,3154
545,288,2023-11-21,947
546,227,2023-04-18,4710
547,439,2023-04-05,1821
548,127,2023-01-16,1545
549,480,2023-11-12,1037
550,119,2023-04-03,2514
551,259,2023-02-19,4400
552,304,2023-11-01,2220
553,386,2023-04-12,2365
554,32,2023-06-04,3236
555,222,2023-06-22,2108
556,229,2023-10-12,2383
557,260,2023-05-06,100
558,136,2023-07-04,3669
559,41,2023-11-13,4907
560,172,2023-11-09,4806
561,430,2023-06-26,3793
562,291,2023-04-16,1518
563,398,2023-09-28,1009
564,63,2023-07-28,2605
565,277,2023-01-23,1345
566,16,2023-11-03,3178
567,499,2023-11-16,1467
568,441,2023-02-10,3004
569,40,2023-01-07,4657
570,39,2023-04-07,2816
571,202,2023-05-18,781
572,146,2023-06-18,810
573,310,2023-05-19,1914
574,288,2023-07-21,4921
575,277,2023-07-16,4290
576,271,2023-04-06,3655
577,97,2023-06-24,4545
578,36,2023-07-28,803
579,105,2023-10-10,2576
580,389,2023-12-06,3490
581,268,2023-06-12,2410
582,443,2023-10-20,2064
583,6,2023-09-06,2998
584,491,2023-04-21,651
585,275,2023-03-07,2039
586,248,2023-05-25,3390
587,327,2023-08-06,2331
588,90,2023-09-11,1298
589,360,2023-03-06,1252
590,95,2023-06-22,161
591,192,2023-04-15,2674
592,473,2023-07-26,464
593,89,2023-10-11,730
594,134,2023-03-13,2768
595,304,2023-09-08,4389
596,64,2023-03-21,3966
597,18,2023-01-13,359
598,350,2023-10-12,1703
599,348,2023-09-04,4116
600,499,2023-11-13,4204
601,332,2023-02-17,305
602,251,2023-11-02,4794
603,94,2023-01-26,567
604,161,2023-09-21,4292
605,51,2023-01-21,2953
606,298,2023-10-14,3212
607,21,2023-02-28,1447
608,81,2023-08-10,277
609,328,2023-05-23,2697
610,437,2023-01-06,3719
611,34,2023-07-22,1755
612,346,2023-11-10,3561
613,57,2023-04-02,2166
614,26,2023-06-03,1143
615,126,2023-08-05,2994
616,82,2023-05-26,2252
617,171,2023-11-19,3429
618,195,2023-09-25,3777
619,184,2023-01-15,3054
620,421,2023-12-26,1459
621,43,2023-05-18,4794
622,329,2023-12-08,3820
623,99,2023-02-16,3335
624,304,2023-05-12,1466
625,111,2023-04-08,2802
626,26,2023-07-20,1237
627,348,2023-08-04,4654
628,184,2023-02-07,1399
629,223,2023-03-14,2253
630,135,2023-11-13,1922
631,251,2023-02-26,1396
632,206,2023-11-10,3302
633,51,2023-12-18,2178
634,154,2023-04-18,2154
635,206,2023-06-24,1915
636,451,2023-06-15,2949
637,90,2023-08-11,3296
638,57,2023-03-02,344
639,344,2023-02-10,3220
640,119,2023-11-09,3479
641,268,2023-03-08,4059
642,220,2023-10-03,1861
643,311,2023-10-25,2919
644,261,2023-02-14,237
645,49,2023-04-03,4810
646,37,2023-04-04,3646
647,385,2023-03-24,1318
648,337,2023-07-13,3927
649,446,2023-08-02,4264
650,148,2023-08-24,4177
651,27,2023-07-08,1893
652,246,2023-03-19,511
653,265,2023-07-20,4109
654,21,2023-05-03,3643
655,416,2023-12-20,4905
656,277,2023-08-21,3424
657,201,2023-09-19,3576
658,478,2023-06-14,1793
659,27,2023-04-21,2314
660,390,2023-07-27,4573
661,239,2023-09-10,2714
662,489,2023-11-21,4435
663,183,2023-05-01,1671
664,348,2023-09-14,2440
665,82,2023-12-08,83
666,14,2023-04-13,4008
667,252,2023-10-07,1320
668,159,2023-02-11,4613
669,149,2023-01-24,4911
670,264,2023-11-23,4920
671,312,2023-04-24,1722
672,235,2023-03-26,3451
673,2,2023-10-14,3682
674,244,2023-04-03,3631
675,147,2023-07-14,1014
676,459,2023-01-08,4761
677,424,2023-04-11,383
678,334,2023-07-12,2193
679,327,2023-01-08,144
680,340,2023-12-28,1702
681,260,2023-02-16,3869
682,276,2023-12-11,416
683,239,2023-08-24,2233
684,265,2023-01-08,1034
685,407,2023-06-14,1695
686,55,2023-09-11,4630
687,228,2023-11-22,3332
688,459,2023-10-06,537
689,129,2023-09-02,3283
690,432,2023-01-11,2601
691,299,2023-07-09,3777
692,70,2023-12-15,4141
693,10,2023-04-11,2030
694,220,2023-07-02,3175
695,475,2023-07-05,165
696,410,2023-01-02,4043
697,195,2023-02-20,227
698,204,2023-09-18,1683
699,427,2023-06-03,875
700,9,2023-11-28,2630
701,480,2023-12-11,2420
702,212,2023-04-28,2848
703,14,2023-07-09,3276
704,397,2023-12-10,949
705,49,2023-05-01,4530
706,475,2023-09-13,883
707,218,2023-07-24,773
708,177,2023-06-28,2776
709,484,2023-09-01,1019
710,364,2023-07-05,2677
711,123,2023-09-14,1093
712,2,2023-10-13,3246
713,121,2023-07-15,1856
714,185,2023-08-18,2487
715,327,2023-12-11,295
716,207,2023-03-15,3420
717,2,2023-11-26,3006
718,262,2023-01-04,1480
719,377,2023-04-13,1482
720,38,2023-01-11,4972
721,443,2023-03-06,1696
722,6,2023-05-10,3576
723,324,2023-08-23,2948
724,201,2023-03-04,4652
725,246,2023-04-28,3365
726,92,2023-05-24,1743
727,244,2023-03-09,336
728,355,2023-07-03,2469
729,183,2023-11-08,1264
730,114,2023-11-09,4815
731,343,2023-04-27,4568
732,66,2023-03-07,1832
733,321,2023-08-26,2391
734,41,2023-12-18,3890
735,30,2023-03-26,199
736,291,2023-12-21,180
737,396,2023-05-11,4355
738,15,2023-08-26,211
739,369,2023-08-14,2302
740,486,2023-10-18,4404
741,77,2023-05-21,3816
742,456,2023-05-28,3427
743,499,2023-03-02,225
744,98,2023-02-08,1737
745,327,2023-04-15,2283
746,123,2023-12-18,3221
747,40,2023-03-05,2329
748,262,2023-06-09,3850
749,206,2023-08-05,753
750,30,2023-11-16,2897
751,483,2023-12-26,321
752,414,2023-10-14,1758
753,315,2023-05-24,656
754,22,2023-04-07,549
755,375,2023-06-10,2196
756,52,2023-06-05,2373
757,79,2023-11-10,2612
758,206,2023-08-12,294
759,52,2023-07-27,301
760,199,2023-04-24,4344
761,432,2023-02-09,1232
762,337,2023-03-23,4167
763,260,2023-11-02,2710
764,170,2023-02-11,1632
765,195,2023-11-07,1321
766,291,2023-06-22,1067
767,134,2023-02-28,4634
768,424,2023-09-19,897
769,494,2023-10-24,611
770,71,2023-02-18,1943
771,162,2023-09-02,3951
772,35,2023-09-24,4047
773,305,2023-04-12,4539
774,16,2023-07-06,3600
775,466,2023-10-28,3532
776,137,2023-11-18,4280
777,108,2023-12-23,4662
778,199,2023-03-04,531
779,195,2023-05-25,4821
780,433,2023-03-06,3104
781,140,2023-01-12,3917
782,493,2023-09-01,3944
783,263,2023-12-12,2390
784,436,2023-11-11,4368
785,433,2023-02-10,3398
786,242,2023-10-09,1363
787,388,2023-05-23,583
788,392,2023-09-14,4080
789,459,2023-04-22,2399
790,234,2023-08-24,2548
791,433,2023-05-19,1891
792,382,2023-03-03,4080
793,474,2023-01-26,1388
794,362,2023-06-21,3908
795,270,2023-04-06,1374
796,42,2023-02-22,2125
797,275,2023-08-10,4997
798,202,2023-08-20,3597
799,476,2023-08-04,2332
800,203,2023-12-06,2261
801,380,2023-08-14,3766
802,448,2023-09-08,2948
803,48,2023-03-25,271
804,344,2023-10-22,4220
805,398,2023-11-10,2849
806,363,2023-03-26,770
807,66,2023-07-17,439
808,140,2023-07-07,2898
809,210,2023-10-25,1572
810,447,2023-11-18,4445
811,392,2023-05-08,4452
812,462,2023-02-13,1653
813,483,2023-10-24,1197
814,78,2023-11-25,2149
815,317,2023-12-22,1445
816,230,2023-06-27,761
817,206,2023-04-10,4107
818,67,2023-10-25,3453
819,125,2023-06-10,400
820,186,2023-10-20,4350
821,115,2023-04-15,1887
822,437,2023-12-13,4768
823,79,2023-06-13,2838
824,31,2023-12-22,2943
825,101,2023-10-24,1109
826,374,2023-01-13,1779
827,432,2023-03-02,2341
828,234,2023-04-14,3689
829,488,2023-01-21,347
830,91,2023-04-18,4732
831,229,2023-09-18,1554
832,277,2023-12-03,358
833,84,2023-09-23,2259
834,272,2023-09-24,4874
835,430,2023-05-13,405
836,149,2023-06-17,4643
837,190,2023-09-09,3985
838,422,2023-05-21,3348
839,445,2023-09-25,3478
840,481,2023-05-05,1779
841,269,2023-03-11,3374
842,475,2023-01-20,4936
843,185,2023-05-17,722
844,194,2023-07-21,2416
845,72,2023-02-11,907
846,368,2023-06-09,4968
847,387,2023-05-14,728
848,491,2023-06-21,229
849,409,2023-04-01,2255
850,360,2023-12-05,4511
851,462,2023-10-04,3753
852,339,2023-01-27,4565
853,469,2023-11-08,489
854,344,2023-08-04,911
855,497,2023-09-28,3253
856,353,2023-05-16,365
857,284,2023-11-26,202
858,291,2023-12-17,3104
859,423,2023-10-15,4441
860,183,2023-06-25,3308
861,245,2023-01-12,4918
862,23,2023-05-14,1854
863,163,2023-10-19,4667
864,450,2023-04-23,1367
865,103,2023-10-24,4601
866,403,2023-08-18,4948
867,431,2023-04-09,101
868,460,2023-02-07,656
869,106,2023-05-03,2785
870,369,2023-05-10,3883
871,187,2023-07-07,2789
872,24,2023-10-03,1600
873,200,2023-10-22,2819
874,244,2023-06-27,3742
875,92,2023-02-22,1678
876,202,2023-05-16,2248
877,339,2023-04-05,251
878,379,2023-08-13,149
879,434,2023-09-05,1988
880,370,2023-05-20,2427
881,226,2023-10-13,3280
882,276,2023-05-23,2791
883,238,2023-05-27,4356
884,10,2023-08-24,3519
885,233,2023-10-01,1357
886,136,2023-03-15,1266
887,467,2023-09-01,4003
888,426,2023-08-24,2812
889,243,2023-03-10,917
890,59,2023-02-15,4239
891,365,2023-06-28,1533
892,338,2023-06-03,3145
893,387,2023-10-02,3054
894,148,2023-02-04,1366
895,241,2023-03-09,408
896,183,2023-06-03,208
897,3,2023-08-09,1865
898,113,2023-10-24,1554
899,33,2023-02-14,903
900,44,2023-07-22,3136
901,344,2023-11-15,2597
902,85,2023-07-19,302
903,480,2023-08-16,1368
904,430,2023-03-05,2311
905,468,2023-05-23,4140
906,46,2023-03-24,4329
907,467,2023-07-14,809
908,484,2023-01-22,1813
909,413,2023-09-25,4314
910,391,2023-08-06,3035
911,347,2023-11-21,224
912,180,2023-08-20,106
913,491,2023-12-22,670
914,472,2023-09-22,2622
915,60,2023-05-09,838
916,118,2023-04-14,2061
917,329,2023-03-18,1109
918,380,2023-12-10,1774
919,3,2023-10-17,1143
920,172,2023-03-21,2494
921,17,2023-01-09,1619
922,397,2023-05-17,4485
923,500,2023-06-02,570
924,356,2023-09-14,4903
925,391,2023-02-06,1994
926,248,2023-06-13,756
927,350,2023-08-07,2133
928,445,2023-09-03,2159
929,218,2023-03-20,1596
930,266,2023-06-13,1508
931,23,2023-04-28,1664
932,57,2023-09-24,2492
933,304,2023-10-22,2600
934,294,2023-07-04,4122
935,413,2023-06-05,3665
936,452,2023-08-16,854
937,130,2023-02-14,3598
938,270,2023-03-05,2072
939,133,2023-12-23,899
940,224,2023-03-27,4081
941,296,2023-11-15,2991
942,125,2023-06-16,1910
943,93,2023-05-09,3284
944,463,2023-09-10,2817
945,405,2023-04-02,2803
946,68,2023-06-07,2507
947,348,2023-05-02,3446
948,46,2023-07-12,518
949,195,2023-12-28,4901
950,205,2023-12-13,4090
951,77,2023-09-04,648
952,183,2023-06-18,2353
953,85,2023-08-14,597
954,294,2023-11-06,4371
955,218,2023-10-12,2464
956,140,2023-12-26,596
957,154,2023-01-05,3565
958,234,2023-06-15,177
959,6,2023-01-18,1815
960,298,2023-03-27,4576
961,235,2023-07-03,4311
962,280,2023-07-14,3891
963,130,2023-06-23,4680
964,128,2023-02-14,3630
965,140,2023-11-07,3461
966,98,2023-07-19,4556
967,87,2023-01-28,838
968,26,2023-07-18,1677
969,179,2023-01-10,3781
970,112,2023-03-28,2498
971,267,2023-12-19,3431
972,123,2023-08-20,773
973,300,2023-03-04,4858
974,484,2023-06-13,3091
975,293,2023-11-05,3980
976,325,2023-12-03,1325
977,426,2023-02-16,3398
978,413,2023-12-05,4102
979,157,2023-01-18,1444
980,411,2023-09-10,2232
981,450,2023-05-08,1118
982,243,2023-09-26,1717
983,205,2023-03-25,528
984,441,2023-01-16,628
985,297,2023-06-26,4488
986,201,2023-11-10,3014
987,29,2023-05-16,4398
988,217,2023-03-12,4126
989,13,2023-05-25,2292
990,347,2023-03-05,1248
991,303,2023-03-26,898
992,164,2023-03-08,431
993,82,2023-02-14,326
994,317,2023-11-11,4063
995,47,2023-12-06,379
996,356,2023-03-15,3769
997,498,2023-10-14,2486
998,369,2023-08-17,518
999,301,2023-08-05,542
1000,55,2023-02-20,1799
1001,329,2023-01-03,338
1002,64,2023-10-16,114
1003,381,2023-02-26,3608
1004,491,2023-12-08,4552
1005,196,2023-01-14,2231
1006,212,2023-02-27,298
1007,24,2023-02-24,2602
1008,455,2023-01-19,650
1009,374,2023-04-06,1062
1010,446,2023-03-21,3737
1011,127,2023-01-01,3515
1012,23,2023-01-03,367
1013,256,2023-02-24,385
1014,402,2023-03-21,3073
1015,196,2023-09-09,1445
1016,73,2023-10-08,1163
1017,117,2023-04-05,675
1018,234,2023-09-14,1614
1019,25,2023-11-08,3859
1020,348,2023-04-19,657
1021,149,2023-02-14,573
1022,351,2023-04-13,942
1023,490,2023-11-13,4803
1024,18,2023-06-25,1229
1025,33,2023-10-10,4561
1026,410,2023-05-26,363
1027,475,2023-02-18,165
1028,168,2023-03-19,1757
1029,451,2023-05-23,3805
1030,353,2023-11-27,1693
1031,415,2023-06-17,1752
1032,130,2023-04-14,3254
1033,140,2023-10-02,2963
1034,412,2023-12-18,1450
1035,400,2023-05-25,3445
1036,414,2023-05-16,2268
1037,472,2023-12-10,1590
1038,201,2023-05-24,202
1039,472,2023-05-20,2691
1040,265,2023-04-06,314
1041,162,2023-12-26,2330
1042,164,2023-09-26,2535
1043,310,2023-06-28,3564
1044,21,2023-06-24,3956
1045,184,2023-10-17,2609
1046,76,2023-01-01,2165
1047,341,2023-12-23,4351
1048,407,2023-04-26,1827
1049,57,2023-04-11,4406
1050,50,2023-08-26,2889
1051,31,2023-08-24,4324
1052,24,2023-06-23,804
1053,292,2023-11-14,3694
1054,61,2023-05-04,2658
1055,105,2023-12-26,4987
1056,142,2023-03-27,392
1057,297,2023-10-03,2994
1058,450,2023-07-16,1720
1059,464,2023-06-12,3948
1060,423,2023-04-13,545
1061,104,2023-11-14,3362
1062,322,2023-05-07,3341
1063,378,2023-01-12,675
1064,366,2023-06-18,1155
1065,418,2023-12-14,3476
1066,71,2023-10-18,3920
1067,377,2023-01-27,817
1068,97,2023-11-09,1040
1069,437,2023-07-08,648
1070,290,2023-01-05,551
1071,127,2023-03-16,1686
1072,22,2023-12-16,734
1073,89,2023-11-16,3430
1074,194,2023-12-16,3284
1075,7,2023-01-04,4335
1076,361,2023-11-04,381
1077,380,2023-12-11,120
1078,251,2023-07-09,2512
1079,39,2023-12-15,1844
1080,170,2023-10-10,653
1081,23,2023-12-20,885
1082,69,2023-09-01,4018
1083,200,2023-06-25,1947
1084,115,2023-04-24,4514
1085,454,2023-08-08,2862
1086,364,2023-02-09,3353
1087,358,2023-11-28,1818
1088,44,2023-11-19,1756
1089,166,2023-02-22,3311
1090,385,2023-06-02,1417
1091,374,2023-11-13,986
1092,454,2023-02-20,1950
1093,90,2023-08-15,1948
1094,467,2023-09-08,2508
1095,162,2023-08-21,3260
1096,22,2023-10-26,3273
1097,372,2023-05-09,3048
1098,392,2023-02-18,4113
1099,483,2023-06-15,3159
1100,394,2023-02-09,4694
1101,447,2023-05-07,523
1102,206,2023-09-10,1513
1103,274,2023-08-07,297
1104,331,2023-01-26,4582
1105,227,2023-07-15,392
1106,368,2023-10-03,3983
1107,417,2023-05-03,3782
1108,54,2023-01-05,497
1109,422,2023-10-04,2821
1110,324,2023-08-03,3568
1111,87,2023-10-28,1838
1112,358,2023-11-17,3974
1113,234,2023-03-05,3668
1114,489,2023-07-01,2920
1115,37,2023-11-12,1546
1116,293,2023-10-07,3330
1117,416,2023-01-16,3232
1118,280,2023-04-15,2651
1119,234,2023-10-14,2219
1120,81,2023-12-15,3923
1121,165,2023-11-05,789
1122,277,2023-11-26,3845
1123,238,2023-02-25,2491
1124,352,2023-02-20,4513
1125,423,2023-12-12,4574
1126,453,2023-04-22,4428
1127,242,2023-07-07,2623
1128,145,2023-09-28,267
1129,314,2023-09-26,4079
1130,51,2023-09-09,4699
1131,286,2023-11-02,2406
1132,64,2023-08-04,1303
1133,303,2023-09-05,4651
1134,37,2023-01-07,4944
1135,205,2023-09-21,1104
1136,28,2023-06-23,4006
1137,421,2023-12-15,4963
1138,206,2023-02-04,4052
1139,395,2023-08-11,4833
1140,271,2023-07-24,634
1141,41,2023-01-14,3866
1142,491,2023-11-28,381
1143,214,2023-08-06,1978
1144,99,2023-05-14,2670
1145,230,2023-04-07,2404
1146,439,2023-06-02,2542
1147,120,2023-03-16,2654
1148,96,2023-03-16,4229
1149,184,2023-03-17,856
1150,231,2023-11-13,2655
1151,131,2023-10-10,2455
1152,251,2023-03-11,3546
1153,126,2023-11-09,847
1154,269,2023-02-13,1581
1155,136,2023-09-14,4869
1156,199,2023-12-21,1401
1157,375,2023-04-14,2926
1158,424,2023-10-28,2938
1159,474,2023-12-16,3912
1160,373,2023-01-25,4754
1161,122,2023-07-26,2923
1162,87,2023-04-24,2238
1163,80,2023-12-08,801
1164,131,2023-09-25,468
1165,374,2023-03-17,3616
1166,343,2023-01-06,2730
1167,114,2023-02-28,4765
1168,461,2023-05-02,3719
1169,90,2023-10-07,4666
1170,16,2023-05-05,1100
1171,194,2023-11-10,2995
1172,373,2023-11-23,818
1173,222,2023-10-01,1575
1174,114,2023-06-08,1004
1175,164,2023-06-22,666
1176,407,2023-11-16,3875
1177,99,2023-04-19,1389
1178,303,2023-05-03,1928
1179,488,2023-01-08,2631
1180,294,2023-03-15,4676
1181,294,2023-06-03,3192
1182,97,2023-07-10,2674
1183,419,2023-08-05,875
1184,486,2023-12-01,3400
1185,215,2023-10-25,2710
1186,148,2023-04-25,2583
1187,414,2023-02-14,2079
1188,191,2023-01-21,526
1189,397,2023-08-17,695
1190,32,2023-01-09,4709
1191,40,2023-06-04,1611
1192,255,2023-12-03,4761
1193,269,2023-06-11,1481
1194,140,2023-09-15,4899
1195,121,2023-02-04,2430
1196,81,2023-04-27,3172
1197,431,2023-10-16,3845
1198,130,2023-01-11,2383
1199,231,2023-11-19,3818
1200,475,2023-05-13,1071
1201,338,2023-06-26,4034
1202,92,2023-02-03,770
1203,224,2023-10-07,3606
1204,96,2023-06-25,2976
1205,498,2023-11-24,3078
1206,377,2023-11-13,1464
1207,355,2023-06-08,296
1208,176,2023-09-20,2391
1209,467,2023-11-26,4436
1210,351,2023-12-24,1612
1211,319,2023-05-12,4686
1212,80,2023-05-05,3514
1213,196,2023-01-22,4557
1214,299,2023-09-28,1267
1215,13,2023-10-09,557
1216,144,2023-11-17,2858
1217,144,2023-04-02,3111
1218,420,2023-02-02,354
1219,76,2023-05-11,4808
1220,180,2023-01-19,4980
1221,344,2023-07-09,2833
1222,71,2023-04-27,2272
1223,334,2023-05-03,4830
1224,182,2023-05-14,3223
1225,495,2023-03-02,3765
1226,498,2023-09-05,1548
1227,449,2023-08-11,4463
1228,331,2023-07-20,1207
1229,497,2023-10-12,1299
1230,323,2023-07-08,4403
1231,47,2023-12-14,1351
1232,143,2023-08-25,2947
1233,272,2023-03-20,2441
1234,459,2023-12-16,4005
1235,432,2023-04-07,2271
1236,434,2023-05-28,498
1237,129,2023-05-05,1317
1238,163,2023-10-02,2242
1239,7,2023-02-21,2763
1240,369,2023-12-09,1252
1241,196,2023-09-17,103
1242,12,2023-10-25,644
1243,403,2023-02-23,2974
1244,203,2023-11-04,4643
1245,155,2023-09-07,576
1246,245,2023-10-23,2403
1247,362,2023-06-15,546
1248,446,2023-06-05,3012
1249,332,2023-11-26,4090
1250,380,2023-03-15,4562
1251,125,2023-07-05,4440
1252,274,2023-12-13,1266
1253,368,2023-06-27,436
1254,174,2023-10-27,4487
1255,56,2023-08-12,2267
1256,499,2023-02-23,454
1257,393,2023-09-18,1201
1258,371,2023-11-13,1373
1259,58,2023-08-18,876
1260,423,2023-01-16,4200
1261,422,2023-04-25,3013
1262,146,2023-09-14,4364
1263,326,2023-01-01,1928
1264,306,2023-12-21,2038
1265,455,2023-09-03,3321
1266,52,2023-10-23,144
1267,295,2023-11-02,2180
1268,491,2023-03-17,380
1269,268,2023-06-24,2087
1270,486,2023-05-21,2847
1271,158,2023-12-08,245
1272,97,2023-05-12,2502
1273,218,2023-05-16,1812
1274,24,2023-02-24,761
1275,148,2023-02-27,4882
1276,141,2023-08-17,4376
1277,114,2023-01-01,2793
1278,269,2023-09-07,964
1279,265,2023-10-11,4363
1280,61,2023-04-08,2810
1281,489,2023-06-11,3553
1282,397,2023-07-05,2701
1283,465,2023-07-16,2812
1284,334,2023-09-09,548
1285,421,2023-08-16,3543
1286,114,2023-02-26,2428
1287,343,2023-02-10,2455
1288,481,2023-07-04,2034
1289,72,2023-06-02,1861
1290,364,2023-06-18,4569
1291,464,2023-06-26,1172
1292,391,2023-12-12,1800
1293,238,2023-09-26,1839
1294,419,2023-05-14,1493
1295,35,2023-09-11,4688
1296,483,2023-01-22,1475
1297,92,2023-04-17,3722
1298,389,2023-09-07,485
1299,66,2023-06-17,2877
1300,473,2023-04-17,2795
1301,270,2023-07-17,506
1302,274,2023-05-23,3111
1303,442,2023-04-04,3689
1304,352,2023-12-17,1259
1305,227,2023-10-02,2782
1306,468,2023-06-05,995
1307,490,2023-07-17,3115
1308,202,2023-09-04,3609
1309,498,2023-08-07,957
1310,270,2023-11-15,1479
1311,320,2023-03-14,3332
1312,38,2023-06-02,2090
1313,239,2023-06-14,2726
1314,59,2023-12-17,1316
1315,489,2023-07-20,2342
1316,17,2023-12-06,1102
1317,14,2023-02-12,3386
1318,11,2023-01-21,2774
1319,67,2023-10-01,727
1320,371,2023-03-27,3959
1321,301,2023-12-16,2327
1322,9,2023-09-24,2875
1323,115,2023-10-05,3096
1324,444,2023-12-28,4888
1325,297,2023-12-13,699
1326,142,2023-12-02,1140
1327,267,2023-02-27,2257
1328,53,2023-05-19,3549
1329,161,2023-01-26,1329
1330,161,2023-02-07,1351
1331,200,2023-02-05,1541
1332,160,2023-07-19,1885
1333,350,2023-01-22,1707
1334,431,2023-11-26,4809
1335,447,2023-08-14,3941
1336,127,2023-05-11,1183
1337,90,2023-08-08,3210
1338,106,2023-09-14,2364
1339,158,2023-08-20,1060
1340,231,2023-04-16,2475
1341,314,2023-08-21,3328
1342,338,2023-06-23,4098
1343,214,2023-07-11,2660
1344,103,2023-03-19,462
1345,433,2023-03-12,2710
1346,479,2023-04-20,3272
1347,144,2023-02-07,694
1348,390,2023-05-09,2617
1349,439,2023-01-20,2173
1350,218,2023-06-10,697
1351,68,2023-04-04,3911
1352,328,2023-06-14,2603
1353,240,2023-01-22,2335
1354,391,2023-07-07,3146
1355,88,2023-02-09,151
1356,227,2023-03-09,389
1357,477,2023-11-26,1569
1358,219,2023-09-27,1646
1359,340,2023-09-15,1851
1360,85,2023-04-23,2249
1361,311,2023-12-19,716
1362,59,2023-04-23,2765
1363,9,2023-01-12,2635
1364,443,2023-12-19,4051
1365,199,2023-09-06,3589
1366,134,2023-08-10,3798
1367,288,2023-02-05,2010
1368,340,2023-06-21,1603
1369,184,2023-01-16,4260
1370,98,2023-10-25,4650
1371,290,2023-04-10,3680
1372,422,2023-10-23,934
1373,450,2023-03-07,1574
1374,405,2023-02-28,4583
1375,498,2023-11-25,4472
1376,55,2023-04-11,4818
1377,432,2023-11-24,1987
1378,208,2023-02-24,2215
1379,327,2023-06-14,4222
1380,19,2023-02-01,3256
1381,233,2023-10-26,3992
1382,420,2023-10-17,846
1383,227,2023-08-06,908
1384,204,2023-01-04,1893
1385,126,2023-06-06,1320
1386,54,2023-05-17,4703
1387,83,2023-05-07,4739
1388,320,2023-09-05,3531
1389,453,2023-12-23,1167
1390,263,2023-04-15,4492
1391,74,2023-07-02,1585
1392,361,2023-08-05,3615
1393,431,2023-03-08,3695
1394,122,2023-05-14,3258
1395,482,2023-11-06,4420
1396,327,2023-10-11,225
1397,43,2023-04-18,152
1398,452,2023-09-17,4718
1399,118,2023-04-09,3258
1400,16,2023-05-17,2749
1401,324,2023-06-26,4851
1402,396,2023-05-01,899
1403,385,2023-02-24,3875
1404,317,2023-09-12,551
1405,385,2023-11-11,2901
1406,387,2023-02-07,1602
1407,377,2023-06-26,4671
1408,58,2023-03-13,338
1409,466,2023-03-18,2036
1410,492,2023-09-15,1198
1411,288,2023-10-26,491
1412,162,2023-06-18,4711
1413,390,2023-06-14,1479
1414,493,2023-04-22,4366
1415,496,2023-02-07,2680
1416,100,2023-01-24,4914
1417,198,2023-02-01,1949
1418,313,2023-06-06,1234
1419,442,2023-09-08,4280
1420,216,2023-02-28,2515
1421,424,2023-06-02,2616
1422,481,2023-03-21,4230
1423,323,2023-02-16,2702
1424,280,2023-10-25,2371
1425,67,2023-11-26,298
1426,79,2023-09-18,876
1427,396,2023-11-28,1111
1428,476,2023-06-18,1701
1429,221,2023-09-25,2542
1430,295,2023-09-10,1571
1431,335,2023-05-26,210
1432,367,2023-04-15,1669
1433,262,2023-07-23,1465
1434,409,2023-12-11,1659
1435,294,2023-06-11,1259
1436,319,2023-01-18,4108
1437,88,2023-10-24,2407
1438,477,2023-12-18,580
1439,7,2023-08-19,3347
1440,356,2023-03-04,3729
1441,107,2023-09-15,145
1442,215,2023-01-28,2873
1443,43,2023-08-23,4573
1444,215,2023-07-06,2470
1445,134,2023-09-19,2278
1446,110,2023-01-04,564
1447,257,2023-03-28,2997
1448,210,2023-09-14,1311
1449,279,2023-12-26,3007
1450,489,2023-11-07,308
1451,40,2023-03-09,3163
1452,202,2023-04-25,3574
1453,255,2023-08-10,2030
1454,313,2023-05-08,2741
1455,380,2023-08-17,2135
1456,351,2023-04-01,3373
1457,111,2023-07-25,4254
1458,210,2023-05-04,3509
1459,178,2023-12-28,1819
1460,117,2023-01-12,4280
1461,182,2023-12-25,786
1462,9,2023-11-28,4696
1463,62,2023-05-02,2636
1464,243,2023-01-25,1198
1465,207,2023-06-27,2331
1466,318,2023-01-08,2782
1467,261,2023-01-02,1337
1468,237,2023-10-21,2791
1469,231,2023-03-05,322
1470,393,2023-06-11,4802
1471,28,2023-12-20,2622
1472,183,2023-10-25,4671
1473,10,2023-09-13,4958
1474,443,2023-08-13,4896
1475,472,2023-06-06,2088
1476,355,2023-07-08,106
1477,443,2023-03-19,939
1478,442,2023-07-27,2440
1479,393,2023-09-17,2014
1480,284,2023-03-25,1752
1481,185,2023-10-27,4929
1482,222,2023-01-24,4717
1483,213,2023-07-05,2719
1484,489,2023-08-25,1259
1485,9,2023-10-09,2077
1486,212,2023-02-13,4051
1487,165,2023-02-16,3717
1488,133,2023-07-26,3394
1489,91,2023-03-14,1959
1490,71,2023-04-26,1897
1491,238,2023-08-22,505
1492,354,2023-04-18,4610
1493,192,2023-12-08,2934
1494,143,2023-10-16,1434
1495,124,2023-12-05,4376
1496,431,2023-08-07,88
1497,360,2023-10-15,1932
1498,432,2023-12-03,4631
1499,254,2023-02-11,425
1500,331,2023-09-28,4371
1501,406,2023-04-13,1858
1502,491,2023-09-02,1299
1503,458,2023-09-21,4205
1504,23,2023-11-25,4525
1505,59,2023-05-07,2522
1506,180,2023-10-20,2069
1507,292,2023-08-19,539
1508,181,2023-09-10,1837
1509,471,2023-04-04,2021
1510,84,2023-07-19,2657
1511,277,2023-08-01,2795
1512,318,2023-01-18,2178
1513,164,2023-05-21,2181
1514,461,2023-01-07,2588
1515,438,2023-01-11,2112
1516,389,2023-09-11,2877
1517,222,2023-07-01,4311
1518,408,2023-12-27,3966
1519,184,2023-04-26,857
1520,267,2023-07-13,4826
1521,345,2023-03-04,2049
1522,389,2023-04-27,1157
1523,256,2023-10-11,2795
1524,371,2023-02-06,2104
1525,95,2023-06-21,1019
1526,473,2023-07-13,417
1527,302,2023-01-19,2099
1528,198,2023-07-09,4578
1529,274,2023-12-12,3047
1530,47,2023-02-25,351
1531,446,2023-11-11,4300
1532,311,2023-05-24,4018
1533,46,2023-11-09,2330
1534,465,2023-01-16,3330
1535,43,2023-12-26,2775
1536,383,2023-07-27,3105
1537,306,2023-07-11,4154
1538,390,2023-05-02,4132
1539,386,2023-06-23,1382
1540,88,2023-12-01,557
1541,259,2023-07-07,3404
1542,208,2023-08-24,1033
1543,394,2023-06-05,4064
1544,446,2023-06-28,1332
1545,256,2023-09-03,4134
1546,437,2023-11-15,584
1547,49,2023-12-10,3857
1548,465,2023-02-03,2654
1549,135,2023-05-08,345
1550,148,2023-08-15,2487
1551,183,2023-01-03,1121
1552,189,2023-08-07,687
1553,209,2023-11-15,2607
1554,405,2023-11-23,1252
1555,218,2023-06-04,3265
1556,247,2023-12-17,3344
1557,497,2023-06-15,812
1558,382,2023-07-15,311
1559,237,2023-07-03,1845
1560,128,2023-08-24,1360
1561,472,2023-10-13,3661
1562,110,2023-05-08,3314
1563,1,2023-10-24,1537
1564,311,2023-01-24,262
1565,356,2023-07-26,3374
1566,246,2023-09-26,4356
1567,206,2023-09-23,4927
1568,80,2023-04-06,3841
1569,46,2023-12-17,4543
1570,339,2023-10-07,891
1571,436,2023-03-06,3616
1572,67,2023-05-17,4049
1573,307,2023-05-19,100
1574,27,2023-10-12,4669
1575,48,2023-05-24,1465
1576,66,2023-11-04,1609
1577,145,2023-09-03,3926
1578,451,2023-10-21,2612
1579,81,2023-02-19,2703
1580,59,2023-04-19,1025
1581,200,2023-11-12,3185
1582,92,2023-11-04,654
1583,59,2023-10-14,170
1584,236,2023-01-17,321
1585,396,2023-04-12,1887
1586,395,2023-04-27,4745
1587,146,2023-09-26,3408
1588,277,2023-09-23,2278
1589,316,2023-09-27,2056
1590,390,2023-01-02,1820
1591,461,2023-04-13,4271
1592,210,2023-07-02,3278
1593,134,2023-10-17,4943
1594,156,2023-07-26,2464
1595,415,2023-06-14,1908
1596,378,2023-06-11,1429
1597,433,2023-04-06,413
1598,470,2023-03-18,1455
1599,259,2023-01-23,1876
1600,381,2023-05-27,728
1601,197,2023-08-26,3908
1602,345,2023-04-06,83
1603,420,2023-12-25,3682
1604,75,2023-10-11,4294
1605,243,2023-04-18,1652
1606,45,2023-03-02,3308
1607,49,2023-07-09,499
1608,410,2023-09-06,2464
1609,467,2023-08-25,4602
1610,304,2023-12-12,3024
1611,11,2023-12-04,2136
1612,179,2023-04-18,2831
1613,246,2023-10-26,3435
1614,244,2023-04-08,2742
1615,282,2023-05-16,2182
1616,238,2023-07-06,3589
1617,284,2023-08-22,1345
1618,79,2023-05-12,3862
1619,77,2023-11-17,3301
1620,177,2023-07-07,780
1621,271,2023-04-19,349
1622,167,2023-05-14,2768
1623,67,2023-05-11,4151
1624,432,2023-07-03,1016
1625,48,2023-05-25,151
1626,55,2023-08-10,67
1627,258,2023-06-23,4270
1628,256,2023-08-06,228
1629,475,2023-06-06,2666
1630,109,2023-06-25,4178
1631,195,2023-05-22,844
1632,86,2023-06-26,3398
1633,307,2023-07-07,1229
1634,26,2023-11-28,1576
1635,192,2023-08-17,2903
1636,16,2023-12-14,1403
1637,398,2023-11-26,2545
1638,121,2023-01-02,3562
1639,421,2023-09-22,955
1640,40,2023-04-01,2086
1641,411,2023-03-15,408
1642,244,2023-10-01,4167
1643,302,2023-02-04,3710
1644,49,2023-09-25,3968
1645,364,2023-02-13,3831
1646,400,2023-05-06,1649
1647,117,2023-03-24,1937
1648,270,2023-09-05,1948
1649,235,2023-05-14,3614
1650,318,2023-12-17,1089
1651,413,2023-10-17,4752
1652,469,2023-01-20,473
1653,446,2023-06-10,4694
1654,383,2023-12-26,3911
1655,497,2023-10-06,1092
1656,146,2023-09-02,2790
1657,150,2023-03-24,4141
1658,129,2023-05-15,4605
1659,323,2023-01-16,4017
1660,294,2023-10-14,3934
1661,109,2023-12-16,4550
1662,214,2023-06-17,2907
1663,166,2023-06-08,3947
1664,330,2023-02-01,2511
1665,396,2023-05-11,2642
1666,411,2023-10-20,1847
1667,353,2023-07-11,4696
1668,338,2023-10-15,60
1669,106,2023-07-22,2218
1670,370,2023-06-02,1650
1671,377,2023-06-15,2430
1672,105,2023-10-20,584
1673,180,2023-12-04,4294
1674,140,2023-04-23,1818
1675,310,2023-04-25,3476
1676,137,2023-09-23,1908
1677,493,2023-12-20,3924
1678,160,2023-04-01,4380
1679,111,2023-02-03,2880
1680,401,2023-03-01,3271
1681,274,2023-06-26,2197
1682,9,2023-09-04,287
1683,373,2023-10-17,676
1684,405,2023-10-10,354
1685,169,2023-12-27,2768
1686,244,2023-05-04,3342
1687,305,2023-01-06,2371
1688,88,2023-11-09,4391
1689,141,2023-08-15,1563
1690,26,2023-01-25,1014
1691,324,2023-10-17,240
1692,482,2023-01-27,3915
1693,405,2023-01-27,1551
1694,26,2023-02-17,3217
1695,141,2023-02-08,2726
1696,156,2023-08-07,4184
1697,289,2023-10-27,4417
1698,239,2023-11-03,2628
1699,196,2023-01-19,3495
1700,246,2023-01-27,719
1701,392,2023-01-14,1683
1702,432,2023-05-15,1211
1703,168,2023-03-03,2963
1704,452,2023-09-10,4705
1705,42,2023-11-23,1877
1706,224,2023-12-23,4127
1707,313,2023-12-19,1371
1708,332,2023-05-24,2223
1709,340,2023-12-25,2236
1710,420,2023-09-14,4878
1711,75,2023-09-25,2376
1712,457,2023-09-27,3482
1713,59,2023-03-01,1753
1714,201,2023-03-07,1694
1715,147,2023-12-13,2522
1716,217,2023-11-13,4259
1717,145,2023-02-17,4184
1718,298,2023-07-01,4920
1719,58,2023-02-11,2102
1720,108,2023-12-10,854
1721,431,2023-10-20,3620
1722,318,2023-04-21,1463
1723,150,2023-12-09,1203
1724,79,2023-07-04,4216
1725,417,2023-03-14,1594
1726,201,2023-06-05,2269
1727,136,2023-06-06,600
1728,441,2023-12-11,1979
1729,309,2023-12-08,4850
1730,74,2023-11-25,1561
1731,427,2023-07-10,4612
1732,151,2023-06-01,4173
1733,138,2023-05-23,3412
1734,99,2023-03-22,4831
1735,142,2023-10-13,4567
1736,360,2023-12-14,749
1737,330,2023-10-09,4227
1738,497,2023-06-15,4924
1739,152,2023-08-25,2689
1740,160,2023-06-03,4074
1741,168,2023-07-20,1382
1742,34,2023-09-24,3338
1743,410,2023-04-28,3246
1744,109,2023-11-05,2296
1745,482,2023-03-10,3459
1746,224,2023-05-23,3425
1747,452,2023-11-27,1347
1748,397,2023-01-19,2326
1749,467,2023-10-24,659
1750,320,2023-06-19,3936
1751,400,2023-08-12,2745
1752,368,2023-12-08,3041
1753,367,2023-04-10,1190
1754,418,2023-12-15,1911
1755,187,2023-01-06,745
1756,497,2023-04-09,1259
1757,469,2023-07-27,4660
1758,374,2023-11-13,819
1759,253,2023-04-05,4999
1760,205,2023-01-19,1114
1761,221,2023-01-10,798
1762,287,2023-07-25,4761
1763,118,2023-07-22,3860
1764,194,2023-12-25,494
1765,365,2023-12-22,1801
1766,41,2023-02-28,2137
1767,110,2023-06-26,324
1768,477,2023-07-05,944
1769,452,2023-06-08,259
1770,303,2023-06-26,2875
1771,236,2023-11-15,3246
1772,277,2023-02-17,2981
1773,48,2023-03-17,2068
1774,139,2023-05-05,4145
1775,179,2023-03-02,897
1776,251,2023-03-07,4587
1777,49,2023-06-27,1426
1778,493,2023-10-22,4470
1779,482,2023-03-02,217
1780,265,2023-10-17,1323
1781,149,2023-02-22,2965
1782,492,2023-05-03,1488
1783,270,2023-01-22,2575
1784,424,2023-07-12,2868
1785,130,2023-04-05,740
1786,39,2023-05-26,2236
1787,277,2023-01-16,3739
1788,402,2023-01-22,2945
1789,337,2023-04-16,4288
1790,3,2023-10-26,4042
1791,329,2023-07-13,4889
1792,17,2023-05-12,3490
1793,440,2023-09-11,1712
1794,392,2023-01-22,4432
1795,101,2023-12-15,3563
1796,142,2023-11-15,4652
1797,430,2023-10-22,2892
1798,377,2023-09-11,1388
1799,56,2023-11-20,1348
1800,273,2023-05-27,3342
1801,81,2023-07-07,4139
1802,412,2023-09-03,2276
1803,484,2023-01-04,3804
1804,475,2023-08-26,3576
1805,309,2023-05-21,2381
1806,270,2023-05-24,317
1807,465,2023-05-10,2210
1808,367,2023-07-20,2416
1809,365,2023-02-19,1470
1810,116,2023-06-21,1847
1811,478,2023-02-17,1709
1812,73,2023-12-15,108
1813,79,2023-12-22,2350
1814,273,2023-03-16,1111
1815,407,2023-06-07,1475
1816,332,2023-06-03,2013
1817,370,2023-12-14,988
1818,318,2023-10-24,1414
1819,480,2023-02-01,4985
1820,496,2023-10-24,2469
1821,33,2023-06-10,1334
1822,170,2023-12-28,2251
1823,386,2023-10-15,4762
1824,158,2023-03-15,2277
1825,351,2023-04-09,3792
1826,188,2023-04-26,365
1827,59,2023-07-06,473
1828,187,2023-07-17,1420
1829,352,2023-11-17,4368
1830,212,2023-10-15,2590
1831,167,2023-03-01,133
1832,324,2023-04-11,203
1833,77,2023-06-12,151
1834,7,2023-06-16,197
1835,466,2023-05-26,3918
1836,162,2023-10-03,2152
1837,19,2023-04-20,4344
1838,150,2023-09-17,3340
1839,382,2023-06-27,3931
1840,136,2023-10-23,3704
1841,50,2023-10-21,4688
1842,261,2023-07-03,4873
1843,119,2023-11-01,1393
1844,485,2023-02-02,4840
1845,298,2023-02-18,2778
1846,377,2023-07-26,2076
1847,266,2023-04-12,3100
1848,315,2023-07-07,1566
1849,268,2023-07-08,1868
1850,312,2023-01-08,4671
1851,50,2023-04-12,4888
1852,470,2023-06-02,2457
1853,380,2023-10-10,2685
1854,44,2023-02-18,2378
1855,145,2023-04-15,417
1856,331,2023-06-08,4775
1857,449,2023-07-20,1726
1858,269,2023-06-09,2592
1859,435,2023-08-01,3855
1860,76,2023-03-04,2730
1861,469,2023-04-09,3870
1862,368,2023-08-22,2637
1863,470,2023-06-14,1209
1864,449,2023-06-07,4424
1865,151,2023-10-10,4810
1866,214,2023-03-20,2580
1867,38,2023-07-24,122
1868,185,2023-07-11,2329
1869,340,2023-12-18,2060
1870,282,2023-02-21,514
1871,62,2023-12-09,3450
1872,138,2023-04-10,4802
1873,3,2023-02-09,4727
1874,43,2023-01-10,2221
1875,32,2023-01-26,3059
1876,151,2023-08-25,3421
1877,25,2023-07-28,537
1878,463,2023-05-20,3383
1879,246,2023-05-12,3441
1880,319,2023-05-09,3069
1881,344,2023-06-14,1713
1882,27,2023-04-06,4974
1883,297,2023-07-02,3413
1884,381,2023-12-12,872
1885,275,2023-09-26,3318
1886,230,2023-03-11,3608
1887,410,2023-03-27,3814
1888,121,2023-01-27,235
1889,167,2023-01-28,153
1890,155,2023-06-27,338
1891,17,2023-12-16,1589
1892,129,2023-10-28,2204
1893,362,2023-10-07,4144
1894,79,2023-03-23,4322
1895,88,2023-07-07,376
1896,227,2023-01-07,2192
1897,210,2023-08-25,586
1898,63,2023-07-25,4649
1899,434,2023-02-22,4761
1900,172,2023-06-20,191
1901,475,2023-07-04,3976
1902,154,2023-08-06,4997
1903,51,2023-09-04,1739
1904,126,2023-04-28,2017
1905,105,2023-03-18,2894
1906,328,2023-01-09,1516
1907,454,2023-10-01,2904
1908,437,2023-04-10,3467
1909,367,2023-06-09,4473
1910,105,2023-03-28,2112
1911,382,2023-07-06,2818
1912,377,2023-10-15,4127
1913,98,2023-08-16,2975
1914,247,2023-06-02,161
1915,199,2023-08-06,3749
1916,377,2023-01-02,2851
1917,325,2023-04-09,4556
1918,196,2023-07-18,2744
1919,115,2023-07-09,3345
1920,217,2023-05-04,4650
1921,371,2023-10-05,3428
1922,293,2023-11-03,1073
1923,109,2023-12-09,1382
1924,85,2023-03-18,4335
1925,74,2023-03-26,532
1926,451,2023-07-26,2266
1927,399,2023-08-28,2579
1928,247,2023-08-15,1441
1929,471,2023-11-25,3013
1930,28,2023-11-02,3664
1931,423,2023-11-02,4637
1932,135,2023-01-17,3515
1933,215,2023-05-28,3598
1934,393,2023-09-17,1038
1935,61,2023-02-20,2486
1936,159,2023-06-13,4727
1937,484,2023-03-19,727
1938,60,2023-06-27,296
1939,184,2023-07-12,2208
1940,434,2023-05-24,2537
1941,31,2023-09-09,3324
1942,61,2023-03-24,3468
1943,491,2023-05-20,1537
1944,287,2023-08-05,4075
1945,112,2023-11-28,3282
1946,344,2023-05-14,4770
1947,340,2023-08-14,872
1948,132,2023-07-06,487
1949,194,2023-09-21,1034
1950,258,2023-11-24,924
1951,223,2023-02-17,4956
1952,179,2023-04-02,508
1953,452,2023-03-11,4562
1954,197,2023-08-18,477
1955,360,2023-12-02,617
1956,379,2023-09-08,628
1957,78,2023-08-20,4690
1958,437,2023-01-17,1332
1959,281,2023-10-13,2679
1960,282,2023-02-24,2603
1961,61,2023-07-24,2528
1962,3,2023-06-07,1172
1963,334,2023-07-19,1513
1964,294,2023-01-03,1609
1965,295,2023-03-03,2373
1966,400,2023-08-28,4952
1967,274,2023-01-28,1365
1968,362,2023-10-10,3971
1969,93,2023-02-22,1156
1970,245,2023-02-21,4671
1971,229,2023-01-21,4880
1972,330,2023-04-06,3827
1973,191,2023-05-07,111
1974,29,2023-04-07,2861
1975,159,2023-04-09,2124
1976,92,2023-09-17,3823
1977,148,2023-09-10,3646
1978,69,2023-03-25,247
1979,68,2023-04-12,3319
1980,53,2023-04-28,1897
1981,80,2023-09-04,1933
1982,191,2023-04-27,316
1983,423,2023-10-23,1442
1984,327,2023-02-28,4751
1985,304,2023-06-28,1665
1986,175,2023-11-02,1288
1987,197,2023-09-13,3022
1988,218,2023-09-15,1323
1989,284,2023-02-13,2914
1990,157,2023-10-24,1421
1991,439,2023-07-28,453
1992,475,2023-06-21,1960
1993,489,2023-07-15,2738
1994,424,2023-02-19,2847
1995,432,2023-12-04,3542
1996,86,2023-05-08,2734
1997,92,2023-09-16,2952
1998,9,2023-11-13,842
1999,70,2023-07-20,4022
2000,166,2023-08-09,3185
